"credit.rating","account.balance","credit.duration.months","previous.credit.payment.status","credit.purpose","credit.amount","savings","employment.duration","installment.rate","marital.status","guarantor","residence.duration","current.assets","age","other.credits","apartment.type","bank.credits","occupation","dependents","telephone","foreign.worker"
1,1,-0.240736766567997,4,2,-0.787262993357287,1,2,4,2,1,4,2,-1.28093213590331,3,1,1,3,1,1,1
1,1,-0.987078791752969,4,0,-0.167300577652446,1,3,2,3,1,2,1,0.0403429320756233,3,1,2,3,2,1,1
1,2,-0.738298116691312,2,9,-0.860949954766777,2,4,2,2,1,4,1,-1.10476212683945,3,1,1,2,1,1,1
1,1,-0.738298116691312,4,0,-0.407137466470833,1,3,3,3,1,2,1,0.30459794567141,3,1,2,2,2,1,2
1,1,-0.738298116691312,4,0,-0.389778518831097,1,3,4,3,1,4,2,0.216512941139481,1,2,2,2,1,1,2
1,1,-0.90415190006575,4,0,-0.364980022202904,1,2,1,3,1,3,1,1.09736298645877,3,1,2,2,2,1,2
1,1,-1.07000568344019,4,0,0.0449037006373829,1,4,1,3,1,4,1,0.30459794567141,3,2,2,2,1,1,2
1,1,-1.23585946681463,4,0,-0.676732551243052,1,2,2,3,1,4,1,0.392682950203339,3,2,1,2,2,1,2
1,4,-0.240736766567997,4,3,-0.769904045717551,1,1,4,2,1,4,3,2.59480806350156,3,2,2,1,1,1,1
1,2,0.256824583555318,2,3,0.172438826153807,3,1,1,2,1,4,4,-1.10476212683945,3,1,1,1,1,1,1
1,1,-0.821225008378531,4,0,0.224515669073014,1,3,2,3,1,2,1,0.0403429320756233,3,1,2,3,2,1,1
1,1,0.754385933678632,4,1,1.03294665915213,2,4,1,4,1,4,3,-1.01667712230752,3,1,2,3,1,1,1
1,1,-1.23585946681463,4,3,-0.465591065665861,1,4,1,2,1,4,3,-0.400082090584021,3,2,1,3,1,1,1
1,2,2.24706998404858,3,10,1.52714527052827,2,1,2,3,1,4,4,-0.400082090584021,3,2,1,4,1,2,1
1,1,-0.240736766567997,2,3,-0.473030614654319,5,4,2,4,1,4,3,-1.10476212683945,3,1,2,2,1,1,1
1,1,-1.23585946681463,2,3,-0.22114874175938,3,3,2,3,1,3,1,0.745022968331054,3,1,1,3,2,1,1
1,1,-0.821225008378531,4,0,0.236560653149565,1,3,1,3,1,2,1,0.392682950203339,3,2,2,2,2,1,1
1,2,-0.240736766567997,2,3,-0.0206351833085575,3,2,1,4,1,3,1,-0.928592117775594,3,1,1,3,1,1,1
1,2,1.25194728380195,4,3,-0.330970655398524,1,5,4,3,1,4,1,0.0403429320756233,3,2,1,3,1,1,1
1,4,-0.821225008378531,4,0,1.40173573043712,1,3,1,3,1,4,2,0.30459794567141,3,2,2,2,1,1,1
1,1,-1.23585946681463,4,0,0.143389158675066,1,3,1,3,1,3,1,0.128427936607552,3,1,3,3,2,1,1
1,2,-0.738298116691312,4,0,-0.052164700450118,1,2,1,3,1,3,1,1.1854479909907,1,2,2,2,2,1,1
0,2,1.25194728380195,2,5,-0.314320236233879,1,2,4,3,1,1,4,-0.223912081520163,3,1,1,2,1,1,1
1,2,-0.738298116691312,4,4,-0.654413904277678,1,4,4,3,1,3,2,-0.840507113243665,3,2,1,3,1,1,1
1,1,-1.23585946681463,4,0,0.511823965722515,5,2,1,3,1,3,1,0.745022968331054,3,2,2,2,2,1,1
1,2,-0.821225008378531,3,3,0.531308498787524,1,4,2,3,1,4,2,1.36161800005456,3,2,1,3,1,1,1
1,1,-0.738298116691312,2,2,-0.927905895662899,1,5,4,2,1,4,2,-1.01667712230752,3,1,1,3,1,1,1
1,2,-0.987078791752969,4,3,-0.750065248414996,1,5,2,3,1,4,1,0.128427936607552,3,2,3,2,1,1,1
1,4,-0.489517441629654,2,0,0.100877450169591,5,3,3,3,1,2,4,-0.576252099647879,3,2,1,3,1,1,1
1,3,1.74950863392526,4,1,0.540165104726165,1,5,4,3,1,4,4,1.8020430227142,3,3,1,3,1,1,1
1,3,0.754385933678632,4,3,-0.0900709738674997,1,5,4,3,1,4,2,1.00927798192684,3,2,1,3,1,1,1
1,4,1.25194728380195,4,0,0.0934379011811333,1,4,4,3,1,4,3,0.128427936607552,3,2,2,3,1,2,1
1,4,1.25194728380195,4,0,1.18421748858411,1,5,4,3,1,4,3,-0.135827076988234,3,2,2,4,1,2,1
1,4,0.256824583555318,2,3,-0.671418587679868,3,4,4,2,1,1,3,-0.664337104179808,3,2,1,3,1,1,1
1,1,-0.489517441629654,2,0,-0.549197425726628,1,2,2,3,1,3,1,0.0403429320756233,3,2,1,3,1,1,1
1,1,-1.23585946681463,4,0,-0.85421893425341,1,5,1,2,1,4,4,0.30459794567141,3,2,2,3,1,2,1
1,4,-0.738298116691312,4,0,-0.629261143411939,1,5,4,3,1,1,1,0.216512941139481,3,2,2,2,2,1,1
1,4,-0.738298116691312,4,3,-0.47373914312941,1,5,2,3,1,2,4,-0.840507113243665,3,2,2,3,1,1,1
1,4,-0.240736766567997,2,1,0.0378184158864704,5,3,2,3,1,1,2,-0.400082090584021,3,2,1,3,1,2,1
1,4,0.256824583555318,4,1,0.211407892283826,1,5,4,2,1,2,3,0.480767954735268,3,1,2,4,1,2,1
1,4,-0.738298116691312,4,5,-0.806038997947205,5,4,4,2,1,4,1,-1.10476212683945,3,2,2,3,1,1,1
1,1,0.256824583555318,2,10,-0.537152441650077,1,5,4,2,3,4,1,1.97821303177806,3,2,1,2,1,2,1
1,4,-0.240736766567997,4,0,-0.794702542345745,1,3,4,2,1,3,1,0.0403429320756233,3,2,2,3,1,1,1
1,2,0.256824583555318,4,9,-0.158089707476259,5,4,4,3,1,3,4,-0.135827076988234,3,2,2,3,2,2,1
1,2,-0.240736766567997,2,6,-0.719952788223619,5,3,4,3,1,4,4,2.24246804537384,3,3,1,3,1,1,1
0,1,-0.240736766567997,2,0,-0.728100865687168,1,2,4,2,1,3,3,-1.10476212683945,3,1,1,3,1,2,1
1,4,0.256824583555318,2,9,-0.713221767710252,1,4,4,3,1,1,1,-0.928592117775594,3,2,1,3,1,2,1
0,4,-0.240736766567997,4,6,-0.498537639757604,2,3,4,2,1,2,1,-0.48816709511595,3,2,2,3,1,1,1
1,4,0.256824583555318,2,0,-0.636700692400397,2,2,4,4,1,3,1,-0.223912081520163,3,2,1,3,1,2,1
1,1,0.256824583555318,4,9,-0.669293002254594,2,4,4,3,1,1,1,-0.840507113243665,3,2,2,3,1,2,1
1,4,-0.738298116691312,2,0,-0.932157066513447,1,3,4,1,1,2,1,1.1854479909907,3,2,1,2,1,1,1
1,3,1.25194728380195,2,3,0.229475368398653,1,3,2,3,1,2,1,-1.10476212683945,3,2,1,3,1,2,1
1,4,-0.987078791752969,4,0,-0.725266751786803,1,3,3,3,1,1,1,-0.48816709511595,3,2,2,3,1,1,1
1,4,-0.738298116691312,4,3,-0.333096240823798,5,5,1,3,2,4,1,1.1854479909907,3,2,1,3,1,2,1
1,4,0.256824583555318,2,1,1.07758395308288,5,5,3,3,1,4,3,0.480767954735268,3,2,1,4,2,2,1
1,1,-0.738298116691312,4,3,-1.02249444708758,1,4,4,2,1,3,1,1.97821303177806,3,2,4,2,1,2,1
1,4,-0.738298116691312,4,3,-0.572578865404639,1,5,2,3,1,4,1,2.4186380544377,3,2,2,2,1,2,1
1,1,-0.489517441629654,2,3,-0.785845936407104,1,2,4,4,1,2,1,-0.752422108711736,3,2,1,3,1,1,2
1,4,0.00804390849366036,2,3,-0.0394111878984756,5,5,4,3,1,3,2,0.480767954735268,3,2,1,3,1,2,1
1,4,1.25194728380195,2,0,-0.0681065911396711,5,3,4,3,1,4,1,0.0403429320756233,3,2,1,3,1,1,1
1,4,-0.738298116691312,4,0,-0.746876870277086,3,3,4,3,1,4,1,0.745022968331054,3,2,1,3,1,2,1
1,4,0.256824583555318,2,1,-0.20981228615792,1,2,4,2,1,1,4,-0.576252099647879,3,2,1,4,1,2,1
1,4,2.24706998404858,4,3,0.108671263395595,5,5,4,3,1,1,1,1.00927798192684,3,2,1,3,1,2,1
1,4,1.25194728380195,3,0,2.69373740476601,1,5,2,3,1,2,3,0.833107972862983,3,2,2,3,2,2,1
1,1,-0.738298116691312,3,0,-0.682755043281328,1,3,4,3,1,2,1,0.656937963799125,3,2,2,2,2,1,1
1,4,-1.23585946681463,4,3,-0.72066131669871,2,3,1,2,1,1,2,-0.752422108711736,3,2,2,3,1,1,1
1,4,-0.738298116691312,2,3,-0.0688151196147623,1,3,2,3,1,4,3,1.44970300458648,3,2,1,3,1,2,1
1,4,0.256824583555318,2,3,-0.349746659988442,1,4,4,3,1,2,3,-0.664337104179808,3,2,1,3,1,2,1
1,2,-0.738298116691312,2,3,-0.603754118308654,1,3,1,2,1,1,3,-1.19284713137138,3,2,1,3,1,2,1
1,4,0.256824583555318,3,0,-0.439021247849939,1,5,4,3,1,4,4,2.15438304084192,3,3,2,3,1,2,1
1,2,0.00804390849366036,4,2,-0.186430846479909,4,4,3,3,1,2,3,-0.311997086052092,3,2,2,3,1,2,1
1,4,0.754385933678632,2,3,-0.497474847044967,5,5,4,3,1,4,3,1.97821303177806,3,2,1,3,1,2,1
1,4,1.25194728380195,2,3,-0.344432696425257,3,5,4,3,1,4,3,0.30459794567141,3,2,1,3,1,1,1
1,4,0.256824583555318,2,2,-0.829774701862762,5,4,4,3,1,2,3,-0.400082090584021,2,2,1,3,1,2,1
1,3,-0.738298116691312,2,3,0.0452579648749285,5,5,2,3,1,3,3,0.128427936607552,3,2,1,4,1,1,1
1,2,-0.987078791752969,2,2,-0.43972977632503,5,4,2,3,1,1,3,-1.01667712230752,3,2,1,3,1,2,1
1,4,0.00804390849366036,4,1,0.00132919941927116,1,5,1,3,1,4,3,0.0403429320756233,3,2,1,4,1,2,1
1,4,0.256824583555318,4,0,-0.471613557704136,4,5,4,3,1,4,1,2.15438304084192,3,2,1,3,1,2,1
1,1,0.00804390849366036,4,0,-0.591354869994557,1,5,4,4,1,3,3,-0.48816709511595,3,2,2,3,1,2,1
1,4,-0.489517441629654,2,3,-0.457797252439857,5,5,4,3,1,2,3,-0.0477420724563056,3,2,1,3,1,1,1
1,4,0.256824583555318,4,0,-0.442563890225395,1,3,4,2,1,4,3,0.128427936607552,3,2,1,3,1,2,1
1,4,1.25194728380195,4,3,0.0250649033348279,5,5,4,3,1,2,3,1.36161800005456,3,2,1,3,1,2,1
1,2,-0.240736766567997,2,0,0.919227838899982,2,3,2,3,1,2,3,-0.48816709511595,3,2,2,3,1,2,1
1,3,-0.489517441629654,4,1,-0.322822577934974,3,3,2,3,1,2,3,0.0403429320756233,3,2,1,3,1,2,1
1,4,-0.489517441629654,4,2,-0.620404537473298,5,5,4,3,1,4,2,2.4186380544377,3,2,1,3,1,1,1
1,1,-0.738298116691312,2,0,0.134532552736426,4,3,1,3,1,3,2,-0.400082090584021,3,2,1,3,2,1,1
1,4,0.256824583555318,4,1,-0.327782277260613,1,4,4,3,1,3,3,-0.0477420724563056,3,2,2,3,1,2,1
1,4,1.25194728380195,3,3,0.419006735485561,1,3,4,2,1,4,1,-0.135827076988234,3,2,2,3,1,1,1
1,1,-1.23585946681463,4,0,-0.922946196337261,4,4,3,2,1,4,1,0.30459794567141,3,2,2,2,1,2,1
1,2,0.256824583555318,3,0,-0.462756951765496,5,3,4,2,1,4,3,0.568852959267196,3,1,2,3,1,2,1
1,2,-0.738298116691312,4,0,-0.452129024639127,2,2,4,3,1,1,3,-0.752422108711736,3,2,1,3,1,1,1
1,2,0.754385933678632,2,3,-0.0992818440436859,5,5,2,2,1,4,3,-0.928592117775594,3,2,1,3,1,1,1
1,2,0.754385933678632,0,9,0.336463168137431,1,3,2,2,1,1,3,-0.664337104179808,3,2,2,3,1,1,1
1,1,-0.987078791752969,2,3,-0.675669758530416,1,4,3,3,1,4,1,2.06629803630999,3,2,1,3,1,1,1
1,2,-0.240736766567997,4,2,1.09458863648507,1,5,2,3,1,1,4,0.480767954735268,3,2,1,3,1,2,1
1,4,0.505605258616975,4,2,0.444513760588846,4,2,4,3,1,2,1,-0.311997086052092,2,2,2,2,2,2,1
1,2,-0.738298116691312,4,3,0.106899942207867,1,3,1,2,1,1,1,-1.10476212683945,3,2,1,2,1,1,1
0,2,1.25194728380195,3,9,0.419360999723107,1,3,2,1,1,2,1,-0.48816709511595,2,2,2,4,1,2,1
1,1,-0.987078791752969,2,2,-0.402177767145194,1,3,3,3,1,2,1,-0.928592117775594,3,2,1,3,1,1,1
1,2,1.74950863392526,4,9,0.950403091803997,1,4,2,2,1,1,1,0.480767954735268,1,2,2,2,1,1,1
1,4,0.256824583555318,4,2,0.179169846667174,4,3,4,3,1,4,1,0.392682950203339,3,2,1,3,1,2,1
1,1,-0.489517441629654,2,9,-0.873349203080873,1,3,4,2,1,4,2,-1.19284713137138,3,2,1,2,1,1,1
1,2,0.256824583555318,3,9,0.510406908772332,5,3,4,3,1,2,2,-0.135827076988234,1,2,2,4,1,2,1
1,2,1.25194728380195,3,0,1.47400563489643,1,3,2,2,1,2,2,1.62587301365034,3,1,1,3,1,1,1
1,4,0.256824583555318,4,3,-0.503143074845697,1,4,4,4,3,2,3,-0.223912081520163,3,2,2,3,1,2,1
1,4,0.256824583555318,2,0,-0.665396095641592,1,3,2,3,3,2,1,-0.400082090584021,3,2,1,3,1,2,1
1,4,-0.738298116691312,4,9,-0.658665075128226,1,3,4,2,3,2,1,-0.576252099647879,3,2,2,4,1,2,1
1,4,-0.240736766567997,2,3,-0.637054956637943,1,2,3,4,1,4,1,0.30459794567141,3,2,1,3,1,2,1
1,4,0.256824583555318,2,3,-0.615799102385205,1,2,4,2,1,3,3,0.216512941139481,2,2,1,3,1,2,1
1,4,-0.738298116691312,4,6,-0.446106532600851,5,4,4,2,1,2,3,2.24246804537384,3,2,1,3,1,1,1
0,1,-0.489517441629654,2,0,0.243645937900478,1,3,3,2,1,2,2,-0.576252099647879,3,2,1,3,1,2,1
1,1,-1.23585946681463,2,2,-1.00726108487312,1,5,2,2,1,1,2,1.1854479909907,1,2,1,3,1,2,1
1,2,-0.738298116691312,4,0,-0.320696992509701,3,4,3,1,1,3,3,0.0403429320756233,3,2,1,4,1,2,1
1,4,-0.738298116691312,2,2,-0.888582565295335,1,3,4,2,1,1,1,-0.840507113243665,3,2,1,3,1,2,1
1,2,0.00804390849366036,2,2,0.249668429938753,5,4,2,3,1,3,3,-0.0477420724563056,3,2,1,3,1,2,1
1,2,-0.240736766567997,2,0,1.05880794849296,1,4,3,3,1,3,1,-0.664337104179808,3,1,1,2,1,1,1
1,2,-0.987078791752969,4,2,-0.479053106692594,1,4,4,3,1,3,3,-0.0477420724563056,3,1,1,3,1,2,1
1,4,0.256824583555318,2,1,-0.236736368211388,4,3,2,2,1,4,3,-0.664337104179808,3,1,1,3,1,2,1
1,4,-0.987078791752969,4,6,-0.827294852199942,3,5,4,3,1,2,3,1.44970300458648,3,2,2,3,1,2,1
1,4,0.256824583555318,2,2,-0.0741290831779467,3,5,4,3,1,3,4,-0.311997086052092,3,1,1,3,1,2,1
1,2,1.25194728380195,2,3,0.539810840488619,1,2,4,2,1,1,4,-0.48816709511595,3,2,1,4,1,2,1
1,4,1.25194728380195,4,1,0.910725497198887,1,5,2,3,1,2,2,-0.0477420724563056,3,2,2,3,2,2,1
1,2,-1.23585946681463,2,3,-0.428039056486025,1,2,4,4,1,3,3,-0.48816709511595,3,1,1,4,1,2,1
1,4,-0.489517441629654,4,3,-0.642014655963581,1,3,4,2,1,2,3,0.656937963799125,3,2,1,2,1,1,1
1,4,-0.489517441629654,2,3,-0.729163658399805,3,5,4,3,1,3,2,1.00927798192684,2,2,1,3,1,2,1
1,4,0.256824583555318,4,3,0.648924225652671,1,2,3,4,1,3,4,1.00927798192684,3,3,3,3,1,2,1
1,4,-0.489517441629654,2,4,-0.849259234927771,5,2,4,2,1,1,1,-1.01667712230752,3,2,1,3,1,1,1
1,4,-1.23585946681463,2,2,-0.103887279131779,3,3,1,3,1,2,3,-0.311997086052092,3,2,1,3,1,2,1
1,4,-0.240736766567997,2,0,-0.514125266209611,1,3,2,4,1,2,2,-0.48816709511595,3,2,1,4,1,2,1
1,4,0.256824583555318,4,3,-0.141439288311615,2,5,3,3,1,4,1,0.0403429320756233,3,2,1,3,2,2,1
1,3,0.256824583555318,2,2,-0.476927521267321,1,3,2,3,1,2,1,-0.840507113243665,3,2,1,3,1,1,1
1,4,-0.240736766567997,2,2,-0.267911621115403,1,3,3,3,1,4,1,0.656937963799125,3,2,1,3,1,2,1
1,3,-1.23585946681463,2,2,-0.409263051896107,1,3,2,3,1,2,1,0.480767954735268,3,2,1,3,1,2,1
1,4,-0.240736766567997,2,3,-0.644140241388855,1,2,3,2,1,1,1,-0.840507113243665,3,2,1,3,1,1,1
1,4,-0.90415190006575,2,0,-0.675669758530416,1,3,2,2,1,4,3,2.50672305896963,3,2,1,3,1,2,1
1,4,-1.23585946681463,2,2,-0.612256460009749,4,3,4,1,1,2,1,-0.223912081520163,3,2,1,3,1,1,1
1,2,-0.738298116691312,2,0,-0.691965913457514,4,5,4,3,1,4,1,1.62587301365034,3,2,1,3,1,2,1
1,1,0.256824583555318,1,0,-0.335221826249071,2,4,2,3,1,3,3,-0.311997086052092,1,2,1,3,1,1,1
1,2,-1.23585946681463,4,8,-0.828711909150125,5,4,1,2,1,3,2,0.30459794567141,3,2,2,2,1,1,1
1,3,0.256824583555318,4,3,-0.043662358749023,5,3,3,3,1,2,3,-0.400082090584021,3,2,2,3,1,2,1
1,4,1.25194728380195,2,3,0.19971717244482,5,5,2,2,1,4,1,0.833107972862983,3,2,1,2,1,2,1
1,4,-0.987078791752969,2,6,0.198654379732184,5,5,1,3,1,4,1,2.50672305896963,3,2,1,2,1,1,1
1,2,0.256824583555318,2,3,0.642193205139304,5,5,2,2,1,4,3,0.568852959267196,3,2,1,3,1,2,1
1,4,-0.987078791752969,4,2,-0.306526423007876,1,1,2,3,1,3,3,-0.400082090584021,3,2,1,4,1,1,1
1,4,1.25194728380195,2,3,-0.310777593858423,5,3,4,2,1,4,3,-0.928592117775594,3,2,1,3,1,1,1
1,4,0.00804390849366036,2,1,-0.281727926379682,5,5,4,3,1,4,1,0.921192977394912,3,2,1,4,1,2,1
1,1,0.256824583555318,2,1,-0.108846978457418,5,5,4,3,1,4,4,1.1854479909907,1,3,1,3,2,2,1
1,1,-0.738298116691312,2,2,-0.711804710760069,5,5,2,1,1,4,2,1.1854479909907,3,2,1,2,1,2,1
1,4,-0.738298116691312,2,9,-0.612610724247295,1,4,2,3,1,4,3,0.0403429320756233,3,2,1,3,1,2,1
1,2,0.256824583555318,4,3,-0.541403612500624,1,5,4,3,1,2,2,1.09736298645877,3,2,2,2,1,1,1
1,3,-0.738298116691312,1,3,-1.01399210538649,4,3,3,2,1,3,1,0.568852959267196,3,1,2,3,1,1,1
1,4,-0.738298116691312,2,3,-0.389778518831097,1,2,2,2,1,2,3,-0.576252099647879,1,2,1,3,1,1,1
1,4,2.24706998404858,4,1,1.97918643763649,5,4,2,3,1,1,4,-0.0477420724563056,3,3,2,3,1,2,1
1,2,0.256824583555318,2,0,0.085289823717584,2,4,2,3,1,3,3,0.216512941139481,1,2,2,3,1,2,1
1,2,-0.738298116691312,2,3,-0.748648191464814,3,3,3,1,1,1,3,-0.840507113243665,3,2,1,3,1,2,1
1,4,0.256824583555318,4,3,-0.208040964970192,1,3,4,3,1,2,1,-0.0477420724563056,3,2,2,2,1,1,1
1,1,-0.738298116691312,2,3,-0.628198350699302,1,3,4,2,1,1,3,-1.10476212683945,1,2,1,3,1,1,1
1,4,0.754385933678632,4,3,0.950403091803997,1,4,3,3,2,2,3,0.216512941139481,3,2,1,3,1,1,1
0,2,2.24706998404858,1,9,1.11407316955007,1,5,4,2,1,3,4,2.06629803630999,3,1,1,3,1,1,1
1,2,-0.738298116691312,4,2,0.122487568659874,1,5,1,3,1,4,3,-0.664337104179808,3,1,3,3,1,2,1
1,4,-0.738298116691312,4,3,-0.701531047871246,1,3,4,2,1,2,2,-0.0477420724563056,3,2,2,3,1,1,1
1,3,0.256824583555318,4,9,-0.707199275671976,4,3,2,1,1,4,1,0.0403429320756233,3,2,2,3,1,2,1
1,4,0.256824583555318,2,2,0.248251372988571,1,4,2,2,1,4,2,-0.928592117775594,3,1,1,3,1,2,1
1,4,-0.489517441629654,4,2,0.0254191675723736,1,3,4,3,1,2,4,-0.664337104179808,3,3,1,3,1,2,1
1,3,-0.489517441629654,2,6,-1.02001459742476,1,2,4,2,1,4,2,-1.10476212683945,3,1,1,3,1,2,1
1,4,-0.987078791752969,4,0,-0.402886295620285,1,3,4,3,1,4,3,1.09736298645877,3,2,3,3,1,2,1
1,4,0.754385933678632,4,3,0.885572736333148,1,4,4,2,1,2,3,-0.928592117775594,3,2,2,3,1,1,1
1,4,0.256824583555318,4,9,0.444513760588846,1,3,3,3,1,2,1,3.38757310428892,3,2,1,4,1,2,1
1,4,-0.489517441629654,4,2,-0.171197484265448,1,4,2,2,2,3,3,-1.01667712230752,1,2,2,3,1,1,1
1,4,-1.23585946681463,4,3,-0.669293002254594,1,3,1,2,1,1,3,-0.664337104179808,3,2,2,3,1,2,1
1,3,1.25194728380195,2,3,0.912851082624161,1,3,4,3,1,1,3,-1.01667712230752,3,2,1,3,1,1,1
0,1,-0.738298116691312,2,0,-0.72384969483662,1,3,4,2,1,2,1,-1.01667712230752,3,2,1,2,1,1,1
1,3,-0.738298116691312,2,3,-0.699405462445972,1,3,3,4,1,4,1,-1.10476212683945,3,1,1,3,1,1,1
1,4,0.256824583555318,2,3,-0.609068081871838,1,4,3,3,1,1,3,-0.311997086052092,1,2,1,3,2,1,1
1,4,-0.738298116691312,2,3,-0.463465480240587,1,4,4,3,1,2,3,-0.400082090584021,3,1,2,4,2,2,1
1,4,0.256824583555318,2,3,-0.0128413700825538,3,5,3,1,1,2,3,0.0403429320756233,3,2,1,4,1,2,1
1,4,0.256824583555318,4,9,0.30741350065869,2,3,3,3,1,3,2,-0.752422108711736,3,2,2,2,1,2,1
1,2,-0.738298116691312,4,1,-0.519793494010341,2,2,3,3,1,4,2,0.745022968331054,3,2,1,3,1,1,1
1,4,-0.240736766567997,2,9,-0.46807091532868,1,4,4,3,1,1,3,-0.135827076988234,2,2,2,3,1,2,1
1,4,2.24706998404858,3,3,3.35762858592651,3,4,4,3,1,1,3,0.128427936607552,3,2,1,4,1,2,1
1,4,-0.987078791752969,2,4,-0.721015580936255,1,2,1,2,1,4,1,-1.10476212683945,3,1,1,3,1,2,1
1,4,-0.240736766567997,4,0,-0.785137407932013,1,2,4,2,1,1,2,-0.48816709511595,3,2,2,3,1,1,1
1,1,0.754385933678632,0,9,1.70073474692563,5,2,2,3,1,3,3,-0.928592117775594,1,2,3,3,1,1,1
1,4,0.754385933678632,4,3,-0.155964122050986,1,3,4,2,1,2,3,-0.223912081520163,3,2,1,3,1,2,1
1,4,-0.987078791752969,2,9,-0.645557298339038,1,4,3,2,1,2,3,-0.752422108711736,3,2,2,3,1,1,1
1,4,1.25194728380195,2,9,0.875299073444325,2,4,2,3,1,2,3,-0.400082090584021,3,2,2,3,1,2,1
1,4,-0.738298116691312,2,0,-0.312194650808606,5,5,4,3,1,3,3,1.27353299552263,3,2,1,3,1,2,1
1,4,0.256824583555318,2,3,0.0562401562388428,3,5,3,3,1,2,3,-0.400082090584021,3,2,1,3,2,2,1
1,2,1.25194728380195,2,6,-0.353643566601444,1,4,3,3,1,1,3,-0.311997086052092,3,2,2,3,2,1,1
1,3,0.00804390849366036,2,0,-0.123371812196788,2,3,1,2,1,1,3,-0.664337104179808,1,2,1,4,1,2,1
1,4,0.256824583555318,2,3,-0.485429862968416,2,3,4,3,1,4,3,-0.576252099647879,3,1,1,4,1,2,1
1,2,1.25194728380195,2,6,0.155788406989163,5,3,2,4,1,2,3,-0.752422108711736,3,2,1,3,1,1,1
1,2,2.24706998404858,2,0,1.84775440550706,5,4,1,2,1,2,3,-1.01667712230752,3,2,1,3,1,1,1
1,4,0.256824583555318,2,0,-0.360020322877265,5,2,4,3,1,1,2,1.62587301365034,3,2,1,3,1,1,1
1,4,-0.738298116691312,2,3,-0.711804710760069,1,3,3,3,1,2,3,-0.928592117775594,3,2,1,3,1,1,1
1,4,1.00316660874029,4,1,1.41059233637576,1,4,3,3,1,2,3,-0.0477420724563056,3,2,2,4,1,2,1
1,4,-1.23585946681463,4,0,1.23629433150332,1,4,1,3,1,3,4,0.833107972862983,3,2,2,4,2,2,1
1,4,-0.240736766567997,4,2,-0.515188058922248,1,3,4,2,1,2,4,-0.664337104179808,3,2,2,3,1,1,1
1,4,-0.738298116691312,2,3,-0.400406445957466,2,4,3,3,1,1,4,-0.0477420724563056,3,2,1,3,1,1,1
1,4,2.24706998404858,1,9,0.119653454759509,1,3,1,2,1,1,1,-0.752422108711736,2,2,1,3,1,1,1
1,4,0.754385933678632,2,3,-0.332387712348706,3,5,4,3,1,2,3,-0.48816709511595,1,2,1,4,1,1,1
1,4,0.588532150304194,1,1,1.61287721601431,5,2,3,3,3,4,1,0.392682950203339,1,1,2,3,2,2,1
1,3,-0.240736766567997,1,3,-0.64697435528922,5,4,4,3,1,4,3,1.1854479909907,1,2,1,2,1,1,1
1,1,0.256824583555318,2,2,1.57638799954711,5,2,1,2,1,2,2,-0.48816709511595,3,2,1,3,1,2,2
1,1,0.00804390849366036,2,0,0.174210147341535,5,4,2,3,2,2,1,-1.01667712230752,3,2,1,2,1,1,2
1,2,-0.240736766567997,2,9,0.413692771922377,1,5,1,3,2,1,1,-0.223912081520163,1,2,1,4,1,2,1
1,1,-0.738298116691312,2,3,-0.766715667579641,1,3,2,3,1,2,1,-1.36901714043524,3,1,1,4,2,2,1
1,2,-0.489517441629654,2,3,-0.647328619526766,5,2,4,3,1,1,2,-1.10476212683945,3,2,1,3,1,1,1
1,2,2.24706998404858,1,0,3.15215532815005,5,1,4,3,2,4,4,0.0403429320756233,3,3,1,4,1,2,1
1,4,-0.987078791752969,2,3,-0.183596732579544,2,5,3,3,2,4,3,-0.0477420724563056,3,2,1,3,1,2,1
1,3,-1.40171325018906,2,0,-0.629615407649484,5,2,1,3,1,2,1,-0.576252099647879,3,2,1,2,2,1,2
1,1,0.256824583555318,1,2,-0.157026914763623,3,3,4,3,1,4,1,-1.19284713137138,2,2,1,3,1,2,1
1,1,0.256824583555318,1,2,-0.279248076716863,3,3,4,3,1,4,1,-1.19284713137138,2,2,1,3,1,2,1
1,3,-1.23585946681463,4,0,-0.698696933970881,1,3,1,3,1,1,1,3.38757310428892,3,2,3,1,2,1,2
1,2,-0.987078791752969,2,0,-0.610130874584475,5,2,4,3,1,2,1,-0.0477420724563056,3,2,1,1,1,1,1
1,3,-0.90415190006575,2,0,0.240103295525021,1,2,1,3,3,1,2,0.128427936607552,3,2,1,2,2,1,1
1,4,-0.90415190006575,2,1,-0.131165625422792,5,2,1,2,1,4,1,-0.400082090584021,3,1,1,3,1,1,1
1,3,-1.23585946681463,2,0,-0.907712834122799,4,2,2,4,1,2,1,-0.752422108711736,3,2,1,1,1,1,2
1,1,2.16414309236136,2,0,2.63953497642153,1,2,1,2,1,1,1,-0.0477420724563056,3,2,1,2,1,2,1
1,4,-0.90415190006575,2,0,-0.702948104821429,5,5,4,3,2,2,2,0.833107972862983,3,2,1,2,1,1,2
1,1,-0.240736766567997,1,3,-0.471613557704136,1,2,3,3,2,4,4,0.0403429320756233,1,3,1,4,1,2,1
1,3,0.754385933678632,4,3,0.136303873924154,5,5,4,3,1,4,2,1.1854479909907,2,2,2,2,1,1,1
1,4,0.256824583555318,3,1,0.498716188933327,1,4,3,3,1,3,3,-0.0477420724563056,3,2,2,2,1,2,1
1,4,0.505605258616975,3,1,1.89239169943781,4,3,2,3,1,2,3,-0.752422108711736,3,2,2,3,1,1,1
1,1,-0.240736766567997,2,2,-0.216897570908833,4,3,4,3,1,2,3,-0.664337104179808,3,2,1,3,1,1,1
1,4,0.256824583555318,4,3,-0.621821594423481,4,3,4,2,1,1,1,0.656937963799125,3,2,2,2,1,1,1
1,1,-0.240736766567997,2,0,0.392791181907185,2,3,3,3,1,4,3,-0.0477420724563056,3,2,1,2,2,2,1
1,4,-0.572444333316873,3,0,-0.874766260031056,1,3,4,3,1,2,3,-0.752422108711736,3,2,2,2,1,1,1
1,4,0.00804390849366036,2,9,-0.601982797120926,4,5,4,2,1,4,1,0.0403429320756233,1,2,1,2,1,1,1
1,2,2.24706998404858,1,9,0.104420092545048,2,4,4,3,1,2,3,-0.48816709511595,3,2,1,3,1,1,1
1,4,0.256824583555318,2,3,-0.706136482959339,1,5,4,3,1,1,1,0.0403429320756233,3,2,1,4,1,2,1
1,4,-1.23585946681463,0,3,-1.00796961334821,1,5,4,4,1,4,3,0.30459794567141,3,2,1,2,1,1,1
1,4,1.5007279588636,2,1,1.88353509349917,2,5,4,3,1,2,3,0.833107972862983,3,2,1,4,1,2,1
1,1,0.754385933678632,2,1,0.207510985670824,1,3,4,1,1,4,2,0.392682950203339,3,2,1,4,1,2,1
0,2,-0.738298116691312,2,0,-0.916215175823894,1,4,2,4,1,3,3,-0.928592117775594,1,2,1,2,1,1,1
1,1,0.256824583555318,2,3,-0.591000605757012,1,5,4,2,1,4,3,1.71395801818227,3,2,1,3,1,1,1
1,4,0.00804390849366036,2,2,-0.364980022202904,1,5,4,3,1,2,1,1.27353299552263,3,2,2,3,1,1,1
1,1,0.256824583555318,2,3,-0.314320236233879,1,5,4,3,1,4,1,2.50672305896963,1,1,1,2,1,1,1
1,4,-1.40171325018906,2,2,-0.945973371777726,1,2,1,2,1,3,1,-1.10476212683945,3,1,1,2,2,1,1
1,4,1.5007279588636,2,1,-0.248781352287939,3,3,4,3,1,4,3,-1.01667712230752,3,2,1,3,1,1,1
1,4,-0.489517441629654,4,3,-0.692674441932606,3,3,2,4,1,2,2,1.00927798192684,3,2,2,2,1,1,1
1,4,3.24219268429521,2,0,2.51341690785529,1,5,2,3,1,4,2,0.568852959267196,3,2,1,4,1,2,1
1,4,-0.240736766567997,2,9,-0.603399854071108,2,3,3,2,1,4,2,-1.01667712230752,3,1,1,2,1,1,1
1,4,-0.240736766567997,4,3,-0.936053973126449,3,5,4,3,1,3,2,-0.311997086052092,1,2,2,4,1,2,1
1,4,-1.23585946681463,1,3,-0.538923762837805,3,5,2,3,1,4,2,0.833107972862983,1,2,1,2,2,1,1
1,4,0.256824583555318,2,1,0.076787482016489,2,4,3,2,1,4,3,-1.10476212683945,3,2,1,3,1,1,1
1,4,-0.240736766567997,4,3,-0.521210550960524,1,3,4,3,1,2,3,-1.01667712230752,3,2,2,3,1,1,1
1,4,0.256824583555318,3,2,0.311664671509237,2,3,2,3,1,3,2,-0.0477420724563056,3,2,2,3,1,1,1
1,2,-0.489517441629654,2,5,-0.22681696956011,2,3,3,2,1,2,1,-0.928592117775594,3,2,1,2,1,1,1
1,4,0.00804390849366036,2,1,0.700292540096787,5,3,1,3,1,3,3,-0.840507113243665,3,2,1,3,1,1,1
1,2,-0.240736766567997,3,0,-0.131874153897883,5,5,4,3,1,4,3,0.656937963799125,3,2,1,3,2,1,1
1,2,-0.240736766567997,3,5,1.0389691511904,1,3,2,3,1,4,1,0.745022968331054,3,2,1,2,2,2,1
1,4,-0.738298116691312,2,3,-0.874057731555965,1,5,4,3,1,4,3,0.216512941139481,3,2,1,3,1,1,1
1,4,1.25194728380195,2,3,0.114693755433871,1,5,4,3,1,2,3,-0.664337104179808,3,2,1,3,1,1,1
1,4,1.25194728380195,4,1,0.86431688208041,4,5,4,3,1,2,3,0.216512941139481,3,2,2,4,1,2,1
1,3,-0.489517441629654,2,9,-0.206978172257556,1,4,2,3,1,4,2,-0.840507113243665,3,1,1,3,1,2,1
1,1,-0.489517441629654,3,2,0.131698438836061,1,5,1,2,1,4,2,-0.752422108711736,3,2,2,2,1,1,1
1,4,-0.90415190006575,4,2,-0.398635124769738,1,2,1,2,1,3,1,-1.10476212683945,3,1,2,3,1,1,1
1,1,-0.90415190006575,2,3,-0.338764468624527,1,5,3,3,1,4,1,1.44970300458648,3,2,1,2,1,1,1
1,4,-1.31878635850185,2,9,0.062616912514664,1,4,1,3,1,4,1,3.38757310428892,3,2,1,2,1,1,1
1,4,-0.489517441629654,2,2,-0.199538623269097,1,2,2,3,1,3,2,-0.752422108711736,1,2,2,2,1,1,1
1,4,-0.821225008378531,4,0,-0.665396095641592,1,2,4,2,1,4,3,-0.0477420724563056,3,2,2,4,1,1,1
1,3,-0.90415190006575,2,2,-0.707199275671976,1,2,4,2,1,2,2,-1.10476212683945,3,2,1,3,1,1,1
1,4,-0.987078791752969,2,2,-0.693737234645242,1,5,1,3,1,4,3,-1.36901714043524,3,2,1,3,1,1,1
1,4,-0.738298116691312,2,3,-0.62996967188703,1,2,4,2,1,3,3,-0.135827076988234,3,2,1,3,2,1,1
1,4,0.0909708001808795,2,3,-0.211229343108103,3,5,3,3,1,4,3,0.392682950203339,3,2,1,3,1,1,1
1,2,-0.987078791752969,2,3,-0.408554523421015,1,3,2,3,1,2,1,0.128427936607552,3,2,1,2,2,1,1
1,4,1.25194728380195,2,0,-0.836859986613674,3,5,4,3,1,4,2,0.0403429320756233,3,2,1,3,1,1,1
1,4,-0.738298116691312,4,2,-0.713221767710252,1,2,2,2,1,4,2,-1.19284713137138,3,1,2,2,1,1,1
1,4,-0.489517441629654,1,3,-0.603045589833563,2,5,4,3,1,4,3,-0.135827076988234,1,2,1,2,2,1,1
1,4,-1.23585946681463,2,1,-0.721015580936255,3,3,2,3,1,4,2,1.27353299552263,3,1,1,3,1,1,1
1,4,1.25194728380195,3,2,1.56115463733265,3,4,2,2,1,4,3,0.392682950203339,3,2,2,3,1,2,1
1,4,-1.23585946681463,2,5,-0.925071781762535,3,4,2,4,1,4,1,-1.10476212683945,3,1,1,2,1,1,1
1,4,0.256824583555318,2,2,-0.154547065100803,3,5,3,3,1,4,2,1.53778800911841,3,2,1,3,1,1,1
1,4,0.256824583555318,2,1,-0.213000664295831,1,5,4,3,1,4,3,-0.0477420724563056,3,2,1,4,1,2,1
1,4,-0.738298116691312,1,8,0.0622626482771184,3,3,4,2,1,3,1,-0.0477420724563056,3,2,1,2,2,1,1
1,4,-0.489517441629654,2,3,0.105128621020139,1,5,4,2,1,2,3,1.62587301365034,1,1,1,4,1,2,1
1,2,0.00804390849366036,4,9,0.134886816973971,1,4,2,3,1,3,2,-0.752422108711736,3,2,2,3,1,1,1
1,1,0.256824583555318,2,3,0.137720930874336,1,3,2,2,1,4,3,-0.664337104179808,3,2,1,3,1,1,1
1,3,-0.987078791752969,2,3,-0.759984647066274,2,5,2,1,1,4,1,1.1854479909907,3,2,1,3,1,1,1
1,3,-1.23585946681463,3,3,-0.916923704298985,1,2,2,2,1,1,2,-0.576252099647879,1,2,1,3,1,1,1
1,3,-0.738298116691312,2,2,-0.361437379827447,1,3,1,2,1,2,3,0.921192977394912,3,2,1,2,1,1,1
1,4,-0.738298116691312,2,1,0.497299131983144,5,2,1,2,1,4,3,-1.36901714043524,3,1,1,3,1,1,1
1,2,0.00804390849366036,3,0,-0.325302427597794,1,3,1,1,1,4,2,1.00927798192684,3,2,2,3,1,1,1
1,1,0.00804390849366036,2,3,0.0303788668980123,4,2,4,2,1,2,3,-0.576252099647879,1,2,1,3,1,1,1
1,4,-1.23585946681463,2,0,-0.920820610911987,1,1,1,2,1,4,1,1.62587301365034,3,2,1,1,1,2,1
1,1,-1.23585946681463,4,3,-1.03914486625223,3,5,4,3,1,4,3,1.44970300458648,3,2,2,3,1,1,1
1,4,-0.987078791752969,2,3,-0.203435529882099,1,3,1,3,1,2,1,-0.311997086052092,3,2,1,3,2,1,1
1,4,-0.987078791752969,2,0,-0.270745735015768,3,5,2,3,1,4,4,1.36161800005456,3,3,1,2,1,1,1
1,4,-0.489517441629654,3,3,-0.635283635450214,1,3,4,4,1,3,1,-0.223912081520163,1,2,2,3,1,1,1
1,4,-0.738298116691312,4,6,0.104065828307502,5,2,2,3,1,1,2,0.128427936607552,3,2,2,2,2,1,1
1,4,-0.489517441629654,2,2,-0.372065306953816,3,3,2,2,1,4,3,-1.36901714043524,3,1,1,3,1,1,1
1,4,-1.23585946681463,4,3,-0.486492655681053,5,3,1,3,1,2,1,-0.135827076988234,3,2,2,2,2,1,1
1,2,-1.23585946681463,3,9,-0.645557298339038,2,5,1,1,1,2,3,-0.400082090584021,1,2,2,3,2,1,1
1,4,-0.489517441629654,3,2,-0.818792510498847,4,4,3,2,1,2,2,-0.48816709511595,3,2,2,3,1,1,1
1,4,1.25194728380195,2,1,1.72234486541591,1,3,1,2,1,2,2,-0.48816709511595,1,2,1,3,1,1,1
1,4,-0.987078791752969,2,2,-0.343724167950166,2,2,2,2,1,4,2,-1.19284713137138,3,1,1,3,1,1,1
1,4,-1.23585946681463,3,9,-0.541403612500624,2,3,1,3,1,2,1,-0.135827076988234,3,2,2,2,1,1,1
1,2,-0.738298116691312,2,2,-0.810644433035298,4,2,1,2,1,4,1,-1.45710214496717,3,1,1,2,1,1,1
1,4,-0.240736766567997,3,3,-0.336993147436799,1,1,2,4,1,3,1,-0.135827076988234,3,2,2,3,1,1,1
1,1,-0.738298116691312,1,8,-1.03879060201468,1,5,4,4,1,1,3,0.833107972862983,1,2,1,2,1,1,1
1,3,0.256824583555318,2,3,0.666283173292407,1,4,4,3,1,2,3,-0.928592117775594,1,2,1,3,1,1,1
1,3,0.256824583555318,2,2,0.169250448015897,1,2,2,2,1,4,3,-0.840507113243665,3,2,1,3,1,1,1
1,4,-0.987078791752969,4,3,-0.0698779123273992,5,3,1,3,1,2,1,-0.223912081520163,3,2,2,3,2,1,1
0,3,-0.987078791752969,2,3,-0.894959321571157,1,3,3,2,1,2,1,-0.664337104179808,3,2,1,2,1,1,1
1,4,0.256824583555318,2,0,-0.638472013588125,2,5,4,4,1,4,1,0.480767954735268,3,1,1,2,1,1,1
1,1,-1.23585946681463,2,2,-0.672127116154959,1,3,1,3,1,2,1,0.0403429320756233,1,2,1,2,1,2,1
1,4,-1.23585946681463,1,0,-0.881497280544423,5,3,1,3,3,2,1,-0.840507113243665,2,2,1,2,2,1,1
1,1,0.00804390849366036,2,3,-0.235673575498751,1,2,4,2,1,4,2,-0.664337104179808,3,1,1,4,1,2,1
1,4,2.74463133417189,0,1,2.18395116693786,5,3,2,3,1,2,2,0.30459794567141,3,2,1,2,2,1,1
1,4,-0.738298116691312,4,3,-0.829420437625216,5,5,4,3,1,4,1,2.59480806350156,3,2,4,3,1,1,1
1,4,2.24706998404858,4,1,-0.184305261054636,5,5,4,3,1,3,3,0.216512941139481,3,2,2,3,2,2,1
1,4,-1.23585946681463,4,0,-1.07032011915624,4,3,2,2,1,2,1,0.480767954735268,1,2,2,2,1,1,1
1,2,0.256824583555318,2,0,-0.733414829250352,1,2,4,3,1,1,2,-0.840507113243665,3,2,1,3,1,1,1
1,1,-1.23585946681463,2,0,-0.924363253287443,1,2,3,3,1,4,1,0.480767954735268,3,2,1,2,2,2,1
1,4,-0.489517441629654,2,1,-0.698342669733335,5,5,4,3,1,4,4,0.833107972862983,1,3,1,3,2,1,1
1,4,0.256824583555318,1,9,-0.606588232209019,1,4,4,3,1,4,3,0.392682950203339,1,2,1,3,1,2,1
1,3,-0.738298116691312,2,3,-0.0904252381050454,1,3,3,4,1,1,3,-1.01667712230752,3,2,1,3,1,1,1
1,4,-0.489517441629654,4,3,-0.677086815480598,1,3,4,3,1,2,2,-0.400082090584021,3,2,2,3,1,1,1
1,4,-1.23585946681463,0,0,-0.732352036537715,2,3,4,3,1,1,4,-0.0477420724563056,1,1,1,3,1,1,2
1,4,-0.90415190006575,2,0,-0.593126191182285,3,3,3,3,1,2,4,0.392682950203339,3,1,1,2,2,1,2
1,4,-0.738298116691312,2,3,-0.424496414110568,2,3,4,2,2,2,1,-0.664337104179808,3,2,1,3,1,1,1
1,4,-0.821225008378531,2,9,-0.40005218171992,4,5,1,1,1,2,1,-0.664337104179808,3,2,1,3,1,2,1
1,1,-0.90415190006575,4,2,-0.403594824095377,5,2,2,2,2,3,1,-0.752422108711736,3,1,2,3,1,1,2
1,4,-0.90415190006575,2,0,-0.611193667297112,1,3,3,3,1,2,1,-0.400082090584021,3,2,1,2,2,1,2
1,4,0.256824583555318,4,0,-0.702948104821429,4,5,4,2,1,4,1,0.128427936607552,3,2,2,3,1,2,1
1,4,-0.90415190006575,2,0,-0.656539489702952,2,3,3,3,1,2,1,-0.0477420724563056,3,1,1,2,1,1,2
1,3,-1.23585946681463,4,0,-0.683109307518874,1,5,1,3,1,4,1,0.921192977394912,3,2,2,3,2,1,2
1,4,-0.240736766567997,2,0,-0.215834778196196,5,4,4,3,1,3,2,-0.311997086052092,3,2,1,3,1,1,2
1,4,-0.240736766567997,4,3,0.991497743359289,1,5,3,3,1,4,3,-0.223912081520163,3,2,2,3,1,2,1
1,4,0.256824583555318,4,6,-0.476218992792229,5,3,3,2,1,2,3,-0.223912081520163,3,2,2,3,1,2,1
1,4,-0.240736766567997,4,3,-0.307234951482967,1,3,2,2,1,2,3,-0.840507113243665,3,2,2,3,1,1,1
1,4,-1.23585946681463,4,3,-0.608359553396747,1,4,1,2,1,2,3,-1.01667712230752,3,1,2,3,1,2,1
1,4,0.0909708001808795,2,0,-0.704365161771611,5,4,4,2,1,4,2,-0.928592117775594,3,1,1,3,1,1,1
1,4,0.256824583555318,3,0,-0.904878720222434,5,5,4,4,1,4,3,1.62587301365034,3,2,2,3,1,2,1
1,1,0.256824583555318,2,2,-0.539986555550442,1,2,4,3,2,1,2,-1.01667712230752,3,2,1,2,1,1,2
1,1,-0.987078791752969,4,5,-0.702593840583883,2,5,3,3,3,4,1,1.09736298645877,3,2,2,3,2,1,2
1,1,-0.90415190006575,4,0,-0.791159899970289,1,4,4,3,2,3,2,1.1854479909907,3,2,2,3,1,2,1
1,4,-0.90415190006575,2,1,-0.14994163001271,2,3,1,3,2,2,1,-0.311997086052092,3,2,1,3,2,1,1
1,4,-0.738298116691312,2,1,-0.65831081089068,4,4,3,3,1,2,2,1.71395801818227,3,2,1,3,1,1,2
1,4,0.754385933678632,4,3,-0.0688151196147623,5,5,3,3,1,2,3,0.392682950203339,3,2,2,3,2,2,1
1,1,0.256824583555318,1,1,0.127801532223059,1,3,1,2,3,4,3,-1.19284713137138,1,1,1,3,1,1,2
1,4,-0.240736766567997,4,1,-0.0149669555078275,5,1,2,3,1,4,4,0.216512941139481,3,2,1,4,1,2,1
1,4,-0.987078791752969,2,0,0.108316999158049,2,3,1,3,3,2,1,-0.840507113243665,3,1,1,3,2,1,2
1,4,-0.738298116691312,4,0,-0.917277968536531,2,4,4,2,1,3,3,1.36161800005456,3,2,2,3,1,2,1
1,4,-0.90415190006575,2,3,-0.477281785504866,1,3,1,3,1,4,2,0.216512941139481,3,2,1,3,1,2,2
1,4,-0.90415190006575,2,6,-0.901336077846978,3,5,4,3,1,4,4,0.921192977394912,3,3,1,3,1,2,1
1,3,-0.90415190006575,4,0,-0.882205809019514,1,5,4,3,1,4,4,2.4186380544377,3,3,2,3,1,2,1
1,1,-0.738298116691312,4,0,-0.407491730708378,1,3,4,3,1,2,2,-0.48816709511595,3,2,2,3,1,1,1
1,4,-0.738298116691312,4,6,-0.910546948023164,1,3,4,3,1,2,3,-0.311997086052092,3,2,2,3,1,1,1
1,4,-0.90415190006575,4,2,-0.425913471060751,5,3,2,4,1,1,3,-0.840507113243665,3,2,2,3,1,1,2
1,4,0.256824583555318,2,0,-0.61863321628557,4,4,4,2,1,3,3,-0.135827076988234,3,2,1,3,2,2,1
1,4,2.24706998404858,4,9,1.54379568969292,5,5,4,1,1,2,3,0.921192977394912,1,2,2,4,2,1,1
0,1,-0.738298116691312,4,0,0.0806843886294908,1,3,3,2,2,2,1,-0.576252099647879,3,2,2,3,1,1,1
1,4,-1.23585946681463,2,3,-0.682046514806237,2,5,2,3,1,4,4,0.568852959267196,1,3,1,3,2,2,1
1,4,1.25194728380195,4,1,2.55274023822285,5,5,2,3,1,4,4,0.568852959267196,3,3,2,3,1,1,1
1,1,0.256824583555318,2,1,-0.123017547959243,1,3,3,3,3,4,4,2.4186380544377,1,2,1,3,2,2,1
1,4,-0.90415190006575,4,0,-0.722786902123983,1,5,3,3,1,4,1,-0.311997086052092,3,2,2,2,2,1,2
1,3,-0.240736766567997,2,0,-0.464174008715678,1,5,3,2,1,2,3,-1.10476212683945,3,2,1,4,1,1,1
1,4,-0.489517441629654,4,0,0.628376899875025,5,5,1,2,1,4,3,2.06629803630999,3,2,1,3,1,2,1
1,4,-0.738298116691312,4,0,-0.714284560422888,1,5,4,3,1,4,1,2.24246804537384,3,2,2,2,1,1,1
1,1,-0.738298116691312,2,2,-0.500663225182878,1,2,4,2,1,1,3,-1.19284713137138,3,1,1,3,1,1,1
1,4,-1.23585946681463,4,2,-0.72632954449944,5,3,1,4,1,2,2,-0.752422108711736,3,2,2,3,1,1,1
1,4,-0.987078791752969,2,2,-0.667167416829321,1,3,4,2,1,2,1,-0.840507113243665,3,1,1,3,1,1,1
1,4,-0.738298116691312,2,3,-0.35151798117617,5,3,4,3,1,4,4,0.128427936607552,3,3,1,3,1,2,1
1,4,-0.738298116691312,0,2,-0.181471147154271,1,5,2,3,1,4,2,-0.135827076988234,3,2,2,3,1,1,1
1,3,0.256824583555318,2,3,-0.713221767710252,3,3,3,2,1,3,3,1.89012802724613,3,2,1,2,1,1,1
1,2,-0.738298116691312,0,8,-0.659373603603317,1,3,2,3,1,2,1,-0.400082090584021,3,2,1,2,1,2,1
1,1,-0.489517441629654,2,0,-0.661853453266136,1,3,2,2,1,4,3,-0.664337104179808,3,1,1,3,1,1,1
1,1,0.256824583555318,2,2,-0.0886539169173172,1,3,2,1,1,2,1,-1.01667712230752,3,1,1,2,1,1,1
1,1,0.256824583555318,2,9,1.16792133365701,1,3,2,4,1,2,3,-1.28093213590331,2,2,1,2,1,1,1
1,4,0.256824583555318,4,3,-0.245592974150028,4,5,2,3,1,2,3,-0.135827076988234,3,2,1,3,1,1,1
1,2,0.256824583555318,4,1,1.5894957763363,4,5,2,2,1,4,4,-0.576252099647879,3,1,1,3,1,1,1
1,1,-1.23585946681463,2,4,-1.0373735450645,1,2,4,2,1,1,1,-0.752422108711736,3,2,1,3,1,1,1
1,4,0.00804390849366036,3,2,-0.595251776607559,2,4,4,3,1,3,1,-0.135827076988234,3,2,2,4,1,1,1
1,1,0.505605258616975,2,3,0.0512804569132041,1,3,3,3,1,2,3,-0.752422108711736,3,2,1,4,1,1,1
0,1,-0.738298116691312,0,5,-0.766361403342095,1,4,4,3,1,3,1,-0.664337104179808,3,2,2,3,1,1,1
1,2,0.505605258616975,3,1,0.954299998416999,1,5,1,3,1,2,3,-0.48816709511595,3,2,2,4,1,2,1
1,2,-0.489517441629654,2,5,-0.622530122898572,2,3,4,3,3,2,1,-1.19284713137138,3,2,1,3,1,1,1
1,4,0.754385933678632,4,3,1.22956331098995,5,4,2,3,1,3,2,0.0403429320756233,3,2,2,3,1,1,1
1,1,-0.240736766567997,2,2,0.13417828849888,1,2,1,2,1,4,3,-1.19284713137138,3,1,1,3,1,1,1
1,1,0.00804390849366036,2,2,0.116110812384053,1,4,1,2,1,4,3,-0.840507113243665,3,1,1,2,1,1,1
1,4,3.24219268429521,4,0,3.71437267313495,5,5,2,3,1,4,4,2.4186380544377,1,3,1,4,1,2,1
1,2,-0.987078791752969,2,0,-1.06110924898005,1,3,4,4,1,4,1,-1.19284713137138,3,1,1,2,1,1,1
1,4,1.74950863392526,4,2,0.272695605379219,3,3,4,3,1,4,1,0.0403429320756233,3,2,2,3,1,2,1
1,2,-0.987078791752969,2,3,-0.996633157746751,1,3,4,3,1,3,1,-1.01667712230752,3,2,1,3,1,1,1
0,2,-0.987078791752969,2,2,-0.833671608475764,1,3,4,2,1,1,2,-0.48816709511595,3,2,1,3,1,1,1
1,4,0.256824583555318,2,0,1.46018932963215,1,3,1,3,1,4,2,0.656937963799125,3,2,1,2,2,1,1
1,3,-0.90415190006575,2,4,-0.724912487549257,1,3,2,3,1,2,3,0.128427936607552,3,2,1,3,1,2,1
1,1,0.256824583555318,2,1,-0.162695142564353,5,5,2,2,1,4,1,-0.840507113243665,3,1,1,3,1,1,1
1,4,-0.489517441629654,2,1,-0.0858198030169522,1,4,2,3,1,2,3,-0.223912081520163,3,2,1,3,1,1,1
1,3,-0.738298116691312,4,0,-0.634575106975123,3,1,2,3,1,4,4,2.68289306803349,1,3,3,1,1,1,1
1,3,-1.23585946681463,4,6,-0.787971521832378,1,3,2,2,1,4,2,1.27353299552263,3,2,1,2,1,1,1
1,4,-0.489517441629654,4,3,-0.637763485113034,1,3,4,3,1,4,4,-0.0477420724563056,3,3,2,3,1,2,1
1,4,0.256824583555318,2,2,0.793464034571286,2,3,4,3,1,1,3,-0.928592117775594,2,2,1,3,1,1,1
1,2,-0.987078791752969,2,3,-0.731643508062624,1,5,4,2,1,4,1,-0.928592117775594,3,2,1,3,1,1,1
1,2,0.256824583555318,3,3,1.10946773446198,1,2,1,3,1,2,3,-0.223912081520163,3,2,1,3,1,1,1
1,4,-0.738298116691312,2,3,-0.90842136259789,1,3,4,3,1,2,1,-0.48816709511595,1,2,2,3,1,1,1
1,4,-0.738298116691312,3,1,-0.626427029511574,1,3,4,4,1,4,1,0.480767954735268,3,1,1,3,1,1,1
1,2,-0.738298116691312,2,0,0.994331857259654,1,4,2,3,1,2,3,-0.311997086052092,3,2,1,3,1,1,1
1,2,0.505605258616975,2,9,-0.26330618602731,1,2,4,2,1,1,2,-0.311997086052092,3,2,1,3,2,2,1
1,2,-0.738298116691312,2,9,-0.791514164207834,2,4,3,3,1,4,1,0.30459794567141,3,2,1,2,1,1,1
1,1,-1.23585946681463,2,1,-0.679920929380963,3,1,1,2,1,2,2,-1.10476212683945,3,1,1,1,1,2,1
1,4,0.256824583555318,2,3,-0.0319716389100175,1,2,4,2,1,4,2,-0.840507113243665,3,2,1,3,1,2,1
1,4,-0.240736766567997,2,3,0.468603728741949,1,2,3,3,1,2,3,-0.311997086052092,3,2,1,3,1,2,1
1,2,2.24706998404858,2,10,0.747409683690354,5,1,3,3,1,4,4,0.392682950203339,1,3,1,1,1,2,1
1,4,-0.489517441629654,2,1,0.490922375707323,1,3,3,3,1,2,3,-0.48816709511595,3,2,1,3,1,2,1
1,2,-0.987078791752969,2,9,-0.666104624116684,1,3,2,4,1,1,1,-0.752422108711736,1,2,1,3,1,2,1
1,2,-0.240736766567997,2,9,-0.481178692117868,4,2,3,4,1,3,1,0.0403429320756233,1,2,1,3,1,2,1
1,4,1.74950863392526,2,3,1.37977134770929,5,4,2,4,1,4,2,-0.576252099647879,3,1,1,3,1,2,1
1,4,-0.655371225004092,2,3,-0.659727867840862,2,1,2,2,1,4,1,2.50672305896963,3,2,1,3,1,1,1
1,4,0.256824583555318,3,9,-0.103887279131779,5,3,4,3,1,4,1,-0.311997086052092,3,2,2,3,2,2,1
1,4,-0.738298116691312,4,3,-0.813124282698118,5,5,4,3,1,4,3,-0.0477420724563056,3,2,2,3,1,1,1
1,4,0.256824583555318,3,9,-0.31750861437179,3,3,4,3,1,2,3,0.745022968331054,3,2,2,3,2,2,1
1,4,-0.738298116691312,4,3,-0.973960246543831,3,5,4,3,1,4,2,0.568852959267196,3,2,2,3,2,2,1
1,4,0.588532150304194,4,3,-0.187139374955001,1,5,4,3,1,2,3,-0.576252099647879,3,2,2,3,1,1,1
1,4,-0.821225008378531,4,3,-0.750065248414996,2,1,4,2,1,4,1,1.89012802724613,3,2,3,2,1,1,1
1,4,0.256824583555318,4,1,0.897263456172153,4,3,4,3,1,2,1,-0.752422108711736,3,2,2,3,1,1,1
1,4,-0.240736766567997,4,3,-0.744751284851812,5,3,4,3,1,3,2,-0.576252099647879,3,2,2,3,1,2,1
1,1,-0.489517441629654,4,2,-0.635283635450214,1,5,4,3,1,4,3,0.745022968331054,3,2,2,3,2,2,1
1,4,-0.738298116691312,2,3,-0.883977130207242,1,3,4,4,1,2,1,-0.664337104179808,3,2,1,3,1,1,1
1,2,-0.821225008378531,4,0,-0.690548856507332,4,3,4,2,1,4,3,0.392682950203339,3,2,2,3,1,1,1
1,2,-0.406590549942435,4,0,-0.742625699426538,1,1,2,3,1,3,3,2.85906307709735,3,3,3,1,1,2,1
1,4,-0.738298116691312,2,0,-0.403240559857831,5,5,4,2,1,4,4,1.44970300458648,3,3,1,4,1,2,1
1,4,-0.489517441629654,4,3,-0.510936888071701,1,5,4,3,1,4,3,0.921192977394912,3,2,2,3,1,2,1
1,4,-0.738298116691312,4,3,-0.904878720222434,1,5,4,3,1,4,1,1.44970300458648,3,2,3,3,1,1,1
1,2,1.5007279588636,3,6,3.00726125499389,2,4,2,3,1,3,4,-0.311997086052092,3,1,1,3,1,2,1
0,2,-0.987078791752969,4,6,-0.627135557986665,1,5,2,2,1,3,3,-0.135827076988234,3,2,2,4,1,2,1
1,1,-0.738298116691312,2,6,-0.733769093487898,5,3,4,2,1,4,2,-1.10476212683945,1,1,1,3,1,2,1
1,2,-0.987078791752969,2,0,-0.0270119395843787,5,3,1,2,1,2,1,-0.223912081520163,3,2,1,2,1,1,1
1,4,0.754385933678632,4,3,0.445930817539029,1,4,4,2,1,4,3,-0.840507113243665,3,1,1,4,1,2,1
0,4,-0.738298116691312,3,5,-0.608005289159201,4,5,4,3,1,4,4,1.71395801818227,3,3,2,3,2,1,1
1,2,-0.489517441629654,4,9,-0.334867562011526,3,3,2,3,1,4,3,-0.752422108711736,1,2,1,3,1,1,1
1,2,-0.240736766567997,4,9,-0.490389562294054,5,3,4,4,1,4,1,-0.664337104179808,1,2,2,3,1,1,1
1,4,-0.738298116691312,4,9,-0.711096182284978,5,5,4,3,1,4,4,1.89012802724613,3,1,1,2,1,1,1
1,4,-1.15293257512741,3,3,-0.859178633579049,5,5,3,3,1,4,4,0.0403429320756233,3,3,1,3,1,1,1
1,4,-0.489517441629654,4,6,-0.616153366622751,2,3,4,2,1,3,3,-0.400082090584021,3,2,1,3,1,1,1
1,4,-1.23585946681463,3,3,-0.827649116437488,1,3,3,2,1,2,1,-1.01667712230752,3,2,1,3,1,1,1
1,1,0.505605258616975,4,9,-0.293772910456233,1,5,4,3,1,4,3,0.656937963799125,2,2,4,4,2,2,1
1,2,-0.240736766567997,4,9,0.112922434246143,1,1,3,4,1,3,3,0.392682950203339,3,2,3,1,2,2,1
1,4,0.00804390849366036,4,2,-0.348329603038259,1,2,4,2,1,4,2,-1.10476212683945,3,2,1,3,1,2,1
1,4,0.505605258616975,3,9,0.65388392497831,1,4,3,3,1,4,3,-0.840507113243665,3,2,2,3,1,1,1
1,1,1.5007279588636,4,2,3.86422644561675,5,4,4,3,1,4,2,-0.48816709511595,3,2,2,4,1,2,1
1,4,-0.489517441629654,2,3,-0.667875945304412,5,3,4,4,1,2,1,0.392682950203339,3,1,1,3,1,2,1
1,4,-0.738298116691312,4,3,-0.939950879739451,1,5,4,3,1,4,1,1.8020430227142,3,2,1,3,1,1,1
1,4,-0.738298116691312,2,2,-0.601274268645835,1,3,4,3,1,2,1,1.27353299552263,3,2,1,3,1,1,1
1,4,-1.23585946681463,4,3,-0.91090121226071,5,5,4,3,1,4,4,0.0403429320756233,3,3,2,3,1,1,1
1,4,-0.738298116691312,2,3,-0.845008064077224,5,3,4,2,1,2,3,-1.28093213590331,3,2,1,3,1,1,1
1,4,1.25194728380195,2,1,0.501196038596146,1,3,2,3,1,2,4,-0.311997086052092,3,3,1,4,1,2,1
1,2,-0.987078791752969,2,3,-0.879017430881603,3,3,4,2,1,3,1,2.68289306803349,3,2,1,2,1,1,1
0,2,-0.738298116691312,2,3,-0.887519772582698,3,3,4,3,1,3,1,2.68289306803349,3,2,1,2,1,1,1
1,1,-0.0748829831935587,2,2,-0.375253685091727,5,4,4,3,1,4,3,0.30459794567141,3,2,1,3,1,2,1
1,2,-0.90415190006575,2,0,1.43007686944077,1,1,2,3,1,4,4,3.0352330861612,1,3,1,4,1,2,1
1,2,0.256824583555318,4,6,0.87565333768187,1,2,2,2,1,4,4,-1.01667712230752,3,3,2,3,1,2,1
1,1,-0.572444333316873,2,0,0.248605637226116,1,1,1,3,1,4,4,-1.19284713137138,3,3,1,3,1,1,1
1,2,3.24219268429521,3,3,1.46904593557079,5,3,1,3,1,1,1,-0.752422108711736,3,2,1,2,1,1,1
1,2,-0.0748829831935587,3,10,-0.227525498035202,1,3,2,3,1,3,3,-0.576252099647879,1,2,2,3,1,2,1
1,2,-0.240736766567997,2,9,-0.471259293466591,4,3,4,3,1,2,2,-0.0477420724563056,3,2,1,2,1,2,1
1,2,0.256824583555318,3,2,-0.332387712348706,5,2,4,3,1,2,2,-0.576252099647879,1,2,1,2,1,1,1
1,4,-0.738298116691312,2,1,-0.292710117743596,5,2,2,4,1,4,3,-0.840507113243665,3,1,1,3,1,2,1
1,2,-0.0748829831935587,2,1,1.13249490990245,5,1,1,1,1,4,1,2.15438304084192,3,2,1,4,1,2,1
1,2,-0.240736766567997,4,2,1.45345830911878,1,1,4,3,1,4,2,0.392682950203339,2,2,2,4,1,2,1
1,4,-0.489517441629654,2,1,0.191569094981271,2,2,1,2,1,4,3,-1.10476212683945,3,2,1,3,1,2,1
0,1,0.588532150304194,2,0,0.260296357065122,1,3,3,3,1,2,3,0.833107972862983,3,2,1,2,1,1,1
1,2,-0.738298116691312,2,0,1.48817620439825,5,1,1,2,1,2,1,-1.01667712230752,3,1,1,1,1,1,1
1,3,-0.738298116691312,2,2,-0.654413904277678,5,5,3,2,1,4,1,1.71395801818227,3,2,1,4,1,2,1
1,2,-0.738298116691312,2,1,-0.440438304800121,5,3,4,3,1,2,3,-0.48816709511595,3,2,1,3,1,1,1
1,4,-0.489517441629654,2,0,0.727216622150254,3,5,1,2,1,4,4,-0.0477420724563056,3,3,1,3,1,1,1
1,2,1.25194728380195,2,3,-0.335930354724162,1,4,4,3,1,4,3,-1.01667712230752,3,1,1,3,1,1,1
1,4,-0.738298116691312,2,6,-0.665396095641592,1,5,4,3,1,4,2,1.00927798192684,1,2,3,3,2,2,1
1,4,-0.240736766567997,2,2,-0.456025931252129,1,3,4,3,1,4,4,1.00927798192684,1,3,2,3,1,1,1
1,4,0.256824583555318,2,3,-0.804976205234568,5,5,4,3,1,2,3,-0.928592117775594,3,2,2,3,1,1,1
1,4,1.25194728380195,2,9,1.46585755743288,5,5,3,3,1,2,2,0.128427936607552,3,2,2,3,1,1,1
1,4,-0.489517441629654,2,2,-0.384464555267913,5,4,1,2,1,4,1,-0.223912081520163,1,1,1,2,1,1,1
1,3,1.25194728380195,2,3,0.425737755998928,1,5,4,3,1,2,3,-0.400082090584021,3,2,1,3,1,1,1
1,4,0.256824583555318,2,8,-0.826940587962397,1,2,4,4,1,3,3,-0.752422108711736,3,2,2,2,1,1,1
1,4,-0.240736766567997,2,2,0.0534060423384778,1,5,4,3,1,4,2,1.00927798192684,1,2,3,3,2,2,1
1,4,0.256824583555318,2,3,-0.0588957209634848,5,2,4,3,1,2,3,-0.928592117775594,3,2,2,3,1,1,1
1,4,-0.738298116691312,4,6,-0.185368053767272,1,5,2,2,1,4,4,1.89012802724613,1,3,3,2,1,1,1
1,2,-0.240736766567997,2,5,0.212824949234008,1,1,2,2,1,4,3,2.77097807256542,3,2,1,3,1,2,1
1,4,0.505605258616975,2,5,0.67974521431914,5,5,4,3,1,4,2,1.09736298645877,3,2,4,3,2,2,1
1,2,-0.240736766567997,2,2,-0.0957392016682297,1,4,2,2,1,4,1,0.392682950203339,3,1,1,3,1,1,1
1,4,0.256824583555318,3,9,0.209636571096098,1,3,1,3,1,2,4,-0.311997086052092,3,3,1,3,1,1,1
1,4,-0.738298116691312,4,2,0.896200663459516,5,5,2,3,1,4,2,1.1854479909907,3,1,1,3,1,2,2
1,4,-0.738298116691312,4,2,-0.594897512370013,4,4,3,2,1,2,2,-0.0477420724563056,3,2,1,3,1,1,1
1,4,-0.738298116691312,4,9,-0.739083057051082,1,3,3,2,1,2,1,-0.752422108711736,3,2,2,3,1,1,1
1,4,-0.240736766567997,4,2,0.180232639379811,1,2,3,1,1,2,3,-0.0477420724563056,3,2,2,4,1,2,1
1,2,-0.240736766567997,4,2,0.120716247472146,1,5,3,2,1,4,2,0.128427936607552,3,2,1,3,1,2,2
1,4,-0.738298116691312,2,9,-0.777697858943555,1,3,2,4,1,2,1,-0.840507113243665,3,2,1,3,1,2,1
1,4,-0.738298116691312,2,0,0.0906037872807683,5,2,2,3,1,3,2,0.833107972862983,3,2,1,4,2,2,1
1,4,-0.240736766567997,2,3,-0.432290227336572,1,2,4,3,1,1,1,-0.223912081520163,3,2,1,3,1,1,1
1,4,-0.738298116691312,4,2,0.0211679967218261,1,5,2,3,1,4,2,0.568852959267196,2,2,1,3,1,1,1
1,1,-0.240736766567997,0,9,-0.0592499852010305,1,4,3,3,1,1,2,-0.400082090584021,1,2,1,3,1,2,1
1,4,0.256824583555318,4,3,-0.233902254311023,1,5,4,4,2,3,1,0.921192977394912,3,2,2,3,1,1,1
1,1,-0.738298116691312,4,1,-0.659727867840862,1,5,4,3,1,3,1,1.62587301365034,3,2,1,3,1,1,1
1,4,0.256824583555318,2,3,-0.694445763120334,2,4,4,4,1,3,2,-0.840507113243665,3,2,1,3,1,2,1
1,4,-1.23585946681463,2,3,-0.412097165796472,1,4,2,4,1,2,1,-0.576252099647879,3,1,1,3,1,1,1
1,4,0.256824583555318,4,1,0.273049869616764,5,4,3,3,1,4,2,0.656937963799125,3,2,2,3,1,2,1
1,4,-0.738298116691312,4,0,-0.830837494575399,1,1,1,2,1,2,2,0.216512941139481,3,2,1,1,1,1,1
1,1,-0.738298116691312,2,3,-0.563722259465999,3,5,3,4,1,1,1,-0.0477420724563056,3,2,1,3,1,1,1
1,4,0.256824583555318,2,0,-0.716410145848162,1,2,4,4,1,2,1,-0.664337104179808,3,2,1,3,1,1,1
1,4,0.256824583555318,4,0,-0.286333361467775,2,4,4,4,1,3,2,-0.752422108711736,3,2,2,3,1,2,1
1,4,-1.23585946681463,2,3,-0.593834719657376,1,4,3,3,1,2,2,1.36161800005456,3,2,1,3,2,1,1
1,4,0.256824583555318,4,5,-0.429810377673753,1,3,4,1,1,2,1,-0.223912081520163,3,2,2,3,1,2,1
1,4,0.256824583555318,2,1,1.60933457363886,1,4,3,3,1,3,3,0.216512941139481,3,2,1,4,1,2,1
1,4,-1.23585946681463,4,3,-0.542466405213261,1,5,2,4,1,2,1,-0.48816709511595,3,1,2,3,1,1,1
1,4,-0.738298116691312,4,3,-0.719598523986073,5,5,4,2,1,2,1,0.216512941139481,3,2,2,3,1,2,1
1,4,0.256824583555318,4,1,1.26498973474451,5,3,2,3,1,4,2,0.921192977394912,3,2,2,4,2,2,1
1,4,0.256824583555318,4,2,0.665574644817315,1,5,4,3,1,4,3,-0.223912081520163,3,2,1,3,1,2,1
1,1,-1.23585946681463,2,0,-0.732706300775261,2,5,3,3,1,2,2,0.656937963799125,3,2,1,3,1,2,1
1,4,-1.23585946681463,4,0,-0.422016564447749,3,3,1,4,1,2,3,-1.01667712230752,3,2,1,3,1,1,1
1,4,-1.23585946681463,2,6,-0.614027781197477,1,2,1,2,1,2,4,1.8020430227142,3,2,1,3,1,1,1
1,2,0.256824583555318,4,0,0.214950534659282,2,2,4,1,1,2,3,0.128427936607552,3,2,1,3,1,2,1
1,2,0.754385933678632,2,2,0.198654379732184,1,2,2,4,1,1,2,-1.19284713137138,3,2,1,3,1,1,1
1,4,-0.489517441629654,2,0,-0.0302003177222893,4,4,2,2,1,3,3,-1.36901714043524,3,1,1,3,1,1,1
1,2,0.256824583555318,2,3,-0.13293694661052,2,2,2,3,1,1,3,-0.576252099647879,3,2,1,3,1,1,1
1,2,0.256824583555318,3,9,1.30927276443771,2,4,4,3,1,4,3,0.0403429320756233,3,1,1,4,1,2,1
0,4,1.25194728380195,2,6,-0.514479530447157,1,3,4,3,1,4,4,0.128427936607552,2,3,1,3,1,2,1
0,4,0.256824583555318,2,3,0.946506185190995,5,2,1,2,1,1,3,0.745022968331054,3,2,2,3,1,2,1
0,4,1.25194728380195,4,2,1.36595504244501,1,2,2,2,1,4,2,-1.10476212683945,3,1,2,3,1,2,1
0,4,1.25194728380195,2,2,0.0275447529976473,1,3,4,2,1,2,3,-0.664337104179808,3,2,1,4,1,2,1
0,4,1.25194728380195,2,2,2.72880956428303,1,1,4,2,1,2,3,-0.840507113243665,3,2,2,4,1,2,1
1,4,-1.23585946681463,2,3,-0.975377303494013,1,3,3,2,1,1,1,-0.576252099647879,3,2,1,3,1,1,1
1,4,-0.240736766567997,2,3,-0.759984647066274,5,2,4,2,1,2,1,-1.28093213590331,3,1,1,3,1,2,1
1,2,-0.738298116691312,4,1,-0.499954696707786,1,1,4,3,1,2,3,-0.135827076988234,3,2,2,4,1,2,1
1,4,1.25194728380195,4,3,2.23000551781879,1,3,2,2,1,2,3,-0.400082090584021,2,2,2,3,1,1,1
1,1,-0.738298116691312,2,3,-0.910546948023164,1,3,4,4,1,2,1,0.392682950203339,3,2,1,2,1,1,1
1,2,-0.738298116691312,2,3,-0.120891962533969,1,4,2,2,1,1,1,-0.752422108711736,3,2,1,3,1,1,1
1,4,-0.240736766567997,2,3,-0.625718501036483,1,3,4,3,1,2,4,-0.311997086052092,3,3,1,4,1,2,1
1,4,-0.240736766567997,4,3,-0.366042814915541,1,3,2,2,1,1,3,-0.928592117775594,3,2,2,3,1,1,1
1,4,-1.40171325018906,4,3,-0.626427029511574,1,4,2,3,1,1,1,0.568852959267196,3,2,2,2,2,1,1
1,4,0.256824583555318,4,1,-0.380567648654911,5,4,4,3,1,4,3,0.656937963799125,3,2,2,3,2,2,1
1,3,-0.738298116691312,2,3,-0.492515147719328,1,3,2,2,1,2,3,0.745022968331054,3,1,1,2,1,2,1
1,1,-0.240736766567997,4,3,-0.492869411956874,1,4,4,4,1,1,2,-0.311997086052092,3,2,2,4,1,2,1
1,1,-0.240736766567997,2,3,-0.312548915046151,1,2,4,2,1,1,3,-0.752422108711736,2,2,1,3,1,1,1
1,2,0.256824583555318,2,3,-0.462048423290405,1,5,4,2,1,4,3,-1.36901714043524,3,2,1,3,1,2,1
1,4,-1.40171325018906,4,0,0.0385269443615616,1,4,1,2,1,1,1,0.128427936607552,3,2,1,3,2,1,1
1,4,-1.40171325018906,4,0,-0.643431712913764,1,4,2,3,1,1,1,0.568852959267196,3,2,3,2,2,1,1
1,4,-1.15293257512741,4,3,-0.900273285134341,5,5,4,3,1,2,2,0.921192977394912,3,1,2,2,1,2,1
1,2,-0.240736766567997,0,2,-0.00965299194464317,1,3,1,2,1,4,3,-0.223912081520163,1,2,2,3,1,2,1
0,2,-0.987078791752969,2,3,-0.567264901841455,1,2,4,2,1,2,3,-1.19284713137138,3,2,1,3,1,2,1
1,2,2.24706998404858,2,3,0.25073122265139,5,4,4,3,1,1,3,0.480767954735268,3,2,2,3,2,2,1
0,2,-0.738298116691312,2,2,-0.477990313979958,1,3,4,3,1,2,2,0.128427936607552,3,2,1,2,1,1,1
1,2,-0.240736766567997,4,2,-0.700113990921064,1,2,4,2,1,1,2,-0.752422108711736,3,2,2,3,1,1,1
1,4,-1.40171325018906,4,3,-0.611902195772203,1,4,2,3,1,1,1,0.568852959267196,3,2,3,2,2,1,1
1,2,-1.07000568344019,2,9,-0.837568515088766,1,2,3,4,1,2,1,-0.840507113243665,3,2,1,3,1,2,1
1,2,0.754385933678632,2,3,-0.551323011151902,5,3,4,2,1,1,3,-0.840507113243665,3,2,1,3,1,1,1
1,3,-0.90415190006575,4,3,-0.681692250568691,5,4,4,3,1,2,2,-0.752422108711736,3,2,2,3,1,2,1
1,2,-0.738298116691312,2,0,-0.802142091334203,4,3,4,4,1,1,1,-1.19284713137138,3,2,1,3,1,1,1
1,4,-0.738298116691312,4,2,-0.662207717503682,3,4,3,2,1,4,3,0.128427936607552,3,1,1,3,1,2,1
1,2,-0.738298116691312,2,0,-0.449649174976308,1,4,3,3,1,4,2,-0.48816709511595,3,1,1,3,2,2,1
1,4,-0.738298116691312,4,6,-0.416348336647019,1,4,2,3,1,3,1,1.1854479909907,3,2,1,2,2,1,1
1,4,-0.738298116691312,2,0,-0.768841253004915,1,3,3,4,1,2,1,-0.752422108711736,3,2,2,3,1,2,1
1,4,-0.90415190006575,2,8,-0.842173950176859,5,4,4,2,1,3,2,0.392682950203339,3,2,1,3,1,2,1
1,2,-0.821225008378531,2,2,-0.600211475933198,4,2,4,2,1,1,1,-1.36901714043524,3,2,1,3,1,1,1
1,4,1.00316660874029,3,9,-0.179699825966542,1,3,2,2,1,2,3,-0.840507113243665,3,2,2,3,1,2,1
1,2,2.24706998404858,0,0,1.80205431886368,3,2,1,2,1,1,3,-0.48816709511595,3,2,2,3,1,1,1
1,3,-0.738298116691312,2,2,-0.636700692400397,1,2,4,2,1,1,2,-0.223912081520163,1,2,1,4,1,2,1
1,4,0.256824583555318,2,1,0.765831424042727,5,1,2,2,1,4,2,-0.840507113243665,3,1,1,4,1,2,1
1,2,-0.572444333316873,2,9,-0.659373603603317,3,5,1,4,1,2,1,-0.0477420724563056,3,2,1,3,1,2,1
1,4,-0.0748829831935587,4,0,0.0757246893038521,5,2,2,1,1,4,1,0.745022968331054,3,2,2,3,1,2,1
1,4,-0.240736766567997,4,1,0.205031136008005,1,4,3,3,1,1,3,-0.752422108711736,3,2,2,3,1,1,1
0,2,3.24219268429521,2,0,1.46550329319533,2,2,4,2,1,2,2,-1.01667712230752,3,2,1,4,1,1,1
1,3,0.256824583555318,2,3,-0.671064323442322,2,5,4,2,1,2,4,1.00927798192684,3,3,1,3,1,2,1
1,4,0.754385933678632,3,9,0.354530644252258,2,3,2,3,1,2,2,-0.840507113243665,3,2,2,2,1,1,1
1,2,0.256824583555318,3,3,-0.608713817634293,2,4,3,2,1,2,2,-1.10476212683945,3,1,2,3,1,2,1
1,2,1.25194728380195,3,9,2.33309641094457,2,4,1,3,1,3,2,-0.400082090584021,3,2,2,2,2,2,1
1,4,-1.23585946681463,4,0,-1.03064252455113,2,3,4,2,1,4,3,1.44970300458648,3,2,2,2,1,1,1
1,4,-0.738298116691312,4,2,-0.473384878891864,1,5,4,3,1,4,1,0.656937963799125,3,2,3,3,1,2,1
1,4,2.24706998404858,2,3,2.46240285764872,5,4,4,3,1,3,3,0.128427936607552,2,2,1,3,1,2,1
1,3,-0.738298116691312,2,0,-0.687714742606967,1,2,4,3,1,1,1,-0.840507113243665,3,2,1,3,1,1,1
1,4,1.25194728380195,2,6,2.04897649243298,5,3,2,3,1,4,4,-0.0477420724563056,3,3,1,2,2,2,1
1,2,0.422678366929756,2,1,1.66318273774579,1,2,2,3,1,3,3,-0.48816709511595,3,2,2,3,1,1,1
1,2,0.754385933678632,1,2,0.079621595916854,4,3,4,3,1,2,3,-0.135827076988234,2,2,1,3,2,2,1
1,2,1.25194728380195,2,1,1.30254174392435,1,3,2,3,1,2,3,-0.0477420724563056,3,1,1,4,1,2,1
1,2,2.24706998404858,0,9,3.16455457646414,5,3,2,3,1,2,3,1.09736298645877,1,2,1,4,1,2,1
0,1,1.25194728380195,2,2,0.0619083840395728,1,5,4,3,1,2,3,0.568852959267196,3,2,1,3,2,1,1
0,1,-0.738298116691312,2,6,-0.91656944006144,1,3,4,3,1,4,3,0.392682950203339,3,1,1,2,2,1,1
0,1,1.00316660874029,4,2,0.357719022390169,3,3,1,2,1,4,3,-1.10476212683945,3,2,2,3,1,1,1
0,1,1.74950863392526,2,3,1.38260546160966,5,4,4,2,1,3,3,-0.48816709511595,3,2,1,4,1,2,1
0,1,0.256824583555318,1,3,-0.611193667297112,1,4,4,3,3,4,3,-1.01667712230752,1,1,1,2,1,1,1
0,1,0.256824583555318,2,2,-0.32317684217252,2,1,1,1,1,1,2,-0.223912081520163,3,2,1,3,1,1,1
0,4,0.256824583555318,2,3,0.123904625610057,2,5,2,3,1,4,3,-0.400082090584021,3,2,2,3,1,1,1
0,1,-0.738298116691312,2,4,-0.896376378521339,2,1,4,2,1,3,2,-1.19284713137138,3,2,1,3,1,1,1
0,1,-0.738298116691312,2,2,1.62740204975368,1,5,4,3,1,4,4,1.53778800911841,3,3,1,4,1,2,1
1,1,0.256824583555318,2,1,-0.127977247284881,1,4,2,3,1,1,4,-0.135827076988234,3,3,1,4,1,2,1
1,1,-0.240736766567997,4,0,0.71942280892425,1,5,2,3,1,4,4,0.0403429320756233,3,3,3,4,1,2,1
1,1,1.25194728380195,2,2,0.123550361372511,1,3,1,3,3,2,2,0.128427936607552,3,2,1,3,2,1,1
1,1,-0.240736766567997,2,3,0.0842270310049471,1,4,4,2,3,1,1,-0.928592117775594,3,2,1,3,1,1,1
1,2,-0.738298116691312,2,2,-0.0900709738674997,1,2,3,2,1,1,1,-0.135827076988234,3,1,1,4,1,1,1
1,1,-0.738298116691312,2,2,-0.571870336929548,1,3,2,3,1,2,1,-0.752422108711736,3,2,1,3,1,1,1
1,1,-1.07000568344019,4,10,-0.74652260603954,1,5,3,3,1,4,4,1.36161800005456,1,3,2,4,2,2,1
0,1,1.25194728380195,4,2,1.04782575712904,1,2,4,2,2,4,4,-1.10476212683945,3,1,2,2,1,2,1
0,1,0.256824583555318,1,0,-0.736248943150717,1,1,1,2,2,4,4,-0.576252099647879,3,1,2,1,1,1,1
1,1,0.754385933678632,0,2,0.464706822128947,1,3,2,1,3,2,1,-0.311997086052092,3,2,2,3,1,1,1
1,1,1.25194728380195,4,2,0.743867041314898,1,3,3,3,3,2,2,-0.664337104179808,3,2,2,3,1,1,1
1,1,-0.738298116691312,2,2,-0.908067098360345,1,3,2,3,3,3,2,0.216512941139481,3,2,1,2,2,1,1
1,1,0.00804390849366036,4,0,-0.956601298904095,1,5,4,3,1,4,1,2.59480806350156,3,2,2,3,1,1,1
1,1,0.754385933678632,2,3,-0.265431771452583,1,5,1,3,3,3,2,0.30459794567141,3,2,1,3,2,1,1
0,1,1.25194728380195,2,2,0.675848307706138,1,4,4,3,1,2,2,-0.576252099647879,3,2,1,3,1,1,1
0,1,1.25194728380195,2,1,1.75635423222029,1,3,2,3,1,2,2,-0.840507113243665,3,2,1,3,2,1,1
1,4,0.256824583555318,4,2,-0.440438304800121,1,4,2,3,1,2,2,-0.48816709511595,3,2,2,2,1,1,1
1,1,-1.23585946681463,2,0,-0.672127116154959,5,1,4,2,1,3,2,3.47565810882085,3,2,1,4,1,2,1
1,1,-0.738298116691312,2,2,-0.702239576346337,1,3,4,3,3,1,2,-1.28093213590331,3,2,1,2,1,1,1
0,1,1.25194728380195,2,2,-0.198121566318915,1,5,2,3,1,2,2,0.480767954735268,1,2,1,3,2,1,1
1,1,-0.489517441629654,4,2,-0.813478546935663,1,3,2,1,1,3,2,-0.928592117775594,3,2,2,3,1,1,1
1,2,-1.23585946681463,3,2,-0.786908729119741,1,1,4,3,1,1,2,-0.0477420724563056,2,2,2,4,1,2,2
1,1,-1.23585946681463,4,0,-0.943139257877361,1,4,4,2,1,3,2,0.128427936607552,3,2,2,3,1,1,1
1,1,2.24706998404858,2,1,0.5373309908258,1,4,4,3,1,3,2,-0.840507113243665,3,2,1,3,2,1,1
1,2,0.256824583555318,2,2,-0.0716492335151273,2,5,4,3,1,4,4,-0.48816709511595,3,3,1,3,1,1,1
0,2,-0.738298116691312,2,0,-0.862721275954505,2,2,4,2,1,2,2,-1.10476212683945,1,2,1,2,1,1,1
1,1,-0.738298116691312,2,2,-0.245947238387574,1,3,2,1,1,1,3,0.568852959267196,3,2,1,3,1,1,1
1,1,-0.738298116691312,2,2,-0.584978113718736,1,3,2,2,2,3,2,-0.48816709511595,3,2,1,3,1,1,1
1,1,-0.489517441629654,2,2,-0.505268660270971,1,2,4,2,3,1,2,0.921192977394912,3,1,1,3,1,1,1
1,1,0.256824583555318,2,1,1.17181824027001,1,1,4,3,1,2,4,-0.576252099647879,3,3,1,4,1,2,1
1,1,-0.738298116691312,2,0,-0.488263976868781,1,3,4,2,3,4,2,-0.576252099647879,3,2,1,3,1,2,1
1,1,0.754385933678632,4,1,2.60446281690451,1,5,3,3,1,4,4,0.216512941139481,3,3,3,4,2,2,1
1,1,-0.240736766567997,2,0,-0.362145908302539,2,4,4,3,1,3,3,-0.48816709511595,3,2,1,4,2,2,1
0,1,0.754385933678632,2,2,-0.057832928250848,1,2,2,1,1,4,2,-0.400082090584021,3,2,1,2,1,1,1
1,2,-0.738298116691312,4,0,-0.819501038973939,1,4,2,3,1,3,1,1.00927798192684,3,2,2,2,2,1,1
1,4,0.256824583555318,2,1,2.1276231531681,5,3,2,1,1,4,4,1.09736298645877,3,3,1,3,1,2,1
1,4,0.256824583555318,4,10,1.07793821732042,1,1,4,3,2,2,4,-0.752422108711736,1,2,2,4,1,2,1
1,1,-0.738298116691312,4,1,-0.618278952048025,1,5,4,3,1,4,4,2.68289306803349,3,3,2,4,1,1,1
1,1,-0.738298116691312,2,2,0.112922434246143,1,3,2,3,2,2,2,-0.576252099647879,3,2,1,2,2,1,1
1,1,0.256824583555318,4,1,1.18457175282165,1,1,2,3,1,4,4,3.47565810882085,3,3,2,4,1,2,1
1,1,-1.23585946681463,4,2,-0.495703525857239,1,1,4,3,1,4,4,0.0403429320756233,3,3,3,4,1,2,1
1,4,-0.738298116691312,2,0,-0.146044723399708,5,1,4,3,1,4,4,0.216512941139481,3,2,1,4,1,2,1
1,4,-0.240736766567997,4,3,-0.59844015474547,4,5,4,3,1,4,3,0.921192977394912,3,2,2,3,1,1,1
1,4,-1.23585946681463,2,8,-0.720307052461164,5,1,4,3,1,4,2,0.0403429320756233,3,2,1,4,2,2,1
1,1,-0.738298116691312,2,2,-0.245592974150028,1,1,3,2,1,4,4,1.71395801818227,3,3,1,4,1,1,1
1,1,-0.489517441629654,4,2,-0.651225526139767,1,3,4,2,1,3,2,-0.928592117775594,3,1,2,3,1,1,1
1,1,1.74950863392526,2,2,1.63342454179196,1,4,2,3,3,4,2,0.833107972862983,3,3,1,3,2,1,1
1,1,0.256824583555318,2,2,0.318041427785059,1,3,4,3,1,4,2,-0.664337104179808,3,2,1,3,1,1,1
1,1,1.25194728380195,2,2,0.243645937900478,1,1,4,3,1,3,2,-0.48816709511595,3,2,1,4,1,2,1
1,1,1.25194728380195,2,0,-0.00788167075691505,1,4,2,3,1,4,4,0.30459794567141,1,3,1,4,2,2,1
1,1,0.256824583555318,2,2,-0.0433080945114774,1,2,4,3,1,1,4,-1.19284713137138,1,3,1,3,1,1,1
0,1,-0.738298116691312,4,2,-0.363208701015176,1,5,3,3,1,3,2,2.15438304084192,3,2,2,3,1,1,1
1,1,-0.655371225004092,4,9,-0.52227334367316,1,2,3,3,1,1,2,-0.664337104179808,1,2,2,2,1,1,1
1,1,-0.0748829831935587,4,2,0.354530644252258,1,5,1,2,1,4,2,-1.01667712230752,3,2,2,3,1,1,1
1,1,0.256824583555318,4,1,-0.111326828120237,1,5,4,3,1,4,2,2.4186380544377,3,2,2,3,1,2,1
1,1,1.25194728380195,4,2,-0.327073748785522,1,3,3,4,1,2,2,0.921192977394912,3,2,2,3,1,2,1
1,3,1.74950863392526,0,9,1.06908161138178,1,2,2,1,1,1,2,-0.223912081520163,3,2,2,3,1,1,1
1,1,0.256824583555318,4,1,1.11513596226271,1,5,2,2,1,4,4,0.745022968331054,3,3,2,4,2,2,1
0,1,2.24706998404858,4,1,1.01735903270012,1,5,4,2,1,4,4,1.97821303177806,2,3,2,2,1,1,1
1,4,0.256824583555318,4,6,-0.593126191182285,1,5,4,3,1,4,4,1.62587301365034,3,3,2,3,2,1,1
1,1,1.25194728380195,2,10,4.45868183621831,1,1,2,1,2,3,3,0.656937963799125,3,2,1,4,1,1,1
1,4,0.256824583555318,4,3,-0.371356778478725,2,5,4,3,1,4,2,1.44970300458648,1,2,2,3,1,1,1
1,4,2.24706998404858,3,3,1.40527837281258,5,5,3,3,1,3,3,-0.311997086052092,1,2,2,3,2,1,1
1,2,0.754385933678632,3,9,-0.27216279196595,2,5,4,3,1,2,2,0.480767954735268,2,2,2,3,1,1,1
1,2,-0.240736766567997,2,9,-0.230005347698021,2,3,4,3,1,4,3,-0.135827076988234,3,2,1,3,1,1,1
1,2,0.256824583555318,2,2,0.382517519018362,5,3,1,2,1,4,2,1.09736298645877,3,2,1,2,1,2,1
1,2,-1.23585946681463,2,3,-1.02851693912586,5,5,4,3,1,4,2,0.216512941139481,3,2,1,3,1,1,1
1,2,-0.738298116691312,2,8,-0.891770943433246,5,5,4,3,1,4,2,0.216512941139481,3,2,2,3,1,1,1
1,4,0.256824583555318,4,3,-0.300149666732055,5,5,4,3,1,4,2,1.53778800911841,3,2,2,3,1,1,1
1,2,2.24706998404858,3,9,1.20795319249967,5,3,4,3,1,4,4,0.216512941139481,3,3,1,3,2,2,1
1,2,-0.240736766567997,3,9,-0.299086874019418,5,5,4,3,1,2,2,0.568852959267196,3,2,2,3,1,1,1
0,2,0.256824583555318,4,3,-0.728100865687168,2,2,4,3,1,4,4,0.216512941139481,1,2,2,3,2,1,1
1,2,-1.23585946681463,2,3,-0.892125207670792,1,3,2,2,3,3,1,2.50672305896963,3,2,1,3,1,1,1
1,2,-1.15293257512741,2,3,-0.24630150262512,1,3,2,3,3,2,1,-0.0477420724563056,3,2,1,3,1,1,2
1,2,-1.23585946681463,2,3,-0.949870278390728,1,2,3,4,1,3,1,-0.840507113243665,3,2,1,2,1,1,2
1,2,-1.07000568344019,2,3,-0.657956546653134,1,3,4,3,3,2,1,-0.223912081520163,3,2,1,3,1,1,2
1,2,-0.738298116691312,2,3,-0.768132724529823,1,4,4,3,3,3,1,-0.576252099647879,3,2,2,3,1,1,1
1,2,-0.738298116691312,3,3,-0.951641599578456,1,3,4,4,2,4,1,-1.36901714043524,3,1,2,3,1,1,1
1,2,-1.23585946681463,2,3,-0.78053197284392,1,5,4,3,1,4,3,-0.664337104179808,3,2,1,3,2,1,1
1,1,-1.07000568344019,4,0,-0.906295777172617,1,5,4,3,1,4,1,1.00927798192684,3,2,2,2,1,1,1
1,2,-0.738298116691312,2,3,-0.772029631142825,1,3,4,2,3,4,1,1.1854479909907,3,2,2,3,1,2,1
1,2,-1.15293257512741,2,3,-0.333804769298889,1,2,1,2,3,1,1,0.833107972862983,3,2,1,3,1,1,1
1,2,-0.655371225004092,4,3,-0.846425121027406,1,2,4,3,3,4,1,-1.10476212683945,3,2,2,3,1,1,1
1,2,-0.240736766567997,2,3,-0.852093348828136,1,3,4,4,3,2,1,-0.928592117775594,3,2,1,2,1,1,1
1,2,-1.15293257512741,2,3,-0.303338044869965,1,3,3,3,3,2,1,-0.135827076988234,3,2,1,3,1,1,1
1,2,-0.655371225004092,2,3,-0.414577015459291,1,2,2,2,3,4,2,-1.10476212683945,3,2,1,2,1,1,1
1,2,-0.240736766567997,2,3,-0.69798840549579,1,5,4,4,3,2,1,-0.311997086052092,3,2,1,2,1,1,1
1,2,-0.240736766567997,2,3,-0.764590082154367,1,3,4,2,3,4,1,-0.840507113243665,3,2,1,2,2,1,1
1,2,-1.07000568344019,2,3,-0.889645358007972,1,4,4,2,3,2,1,0.745022968331054,3,2,1,2,1,1,1
1,2,-0.738298116691312,2,3,-0.937471030076631,1,2,4,4,3,1,1,-0.840507113243665,1,2,1,2,1,1,1
1,3,-1.23585946681463,4,0,-0.690194592269786,2,5,2,1,1,4,3,-0.664337104179808,3,2,2,3,2,2,1
1,1,-0.987078791752969,4,3,-0.755733476215727,1,3,4,3,1,4,1,-0.928592117775594,3,2,2,2,1,1,1
1,2,-0.240736766567997,4,3,-0.522981872148252,1,5,3,2,3,4,1,1.09736298645877,1,1,2,2,1,2,1
1,2,-0.489517441629654,4,3,-0.192453338518185,5,4,4,3,3,2,1,-0.0477420724563056,1,2,3,3,1,2,1
1,2,-1.23585946681463,2,3,-0.987422287570564,1,4,3,4,3,3,1,-0.664337104179808,1,2,1,2,1,1,1
1,2,-0.90415190006575,1,3,-0.787617257594833,1,3,4,3,1,4,1,-1.10476212683945,2,2,1,2,1,1,1
1,2,-0.738298116691312,2,3,-0.749710984177451,1,5,3,4,3,3,1,0.392682950203339,1,2,2,2,1,1,1
1,2,-0.0748829831935587,3,1,1.34115654581682,5,4,3,3,1,4,2,0.0403429320756233,1,1,2,4,2,2,1
1,2,-0.489517441629654,4,3,-0.614382045435023,5,5,4,3,3,4,1,1.27353299552263,3,2,2,3,1,2,1
1,1,-0.738298116691312,2,3,-0.374545156616635,1,3,4,3,1,3,2,-1.01667712230752,3,2,1,2,1,1,1
1,4,0.256824583555318,4,2,-0.597377362032833,1,4,4,3,1,3,2,0.392682950203339,3,2,2,3,1,1,1
1,2,-0.90415190006575,2,2,-0.620050273235753,1,3,4,1,1,2,3,-0.400082090584021,3,2,1,2,1,1,1
1,2,1.25194728380195,1,4,0.254628129264392,5,2,3,2,1,2,4,-0.576252099647879,1,2,1,1,1,1,1
1,3,-0.240736766567997,2,2,-0.0787345182660398,1,2,1,2,1,1,2,0.833107972862983,2,2,1,2,1,1,1
0,1,0.256824583555318,2,3,-0.704719426009157,2,3,4,2,1,2,3,-0.311997086052092,3,2,1,2,1,1,1
1,4,3.24219268429521,2,3,2.43477024712016,2,4,2,2,1,4,1,-1.28093213590331,3,2,1,3,1,2,1
1,1,-0.738298116691312,2,0,-0.745105549089358,1,3,4,4,1,3,1,-0.752422108711736,3,2,1,2,1,1,1
1,2,-1.23585946681463,2,5,-0.998050214696933,1,2,3,4,1,1,2,-1.19284713137138,3,2,1,2,1,1,1
1,4,-0.489517441629654,3,1,0.114339491196325,1,2,1,2,1,2,2,0.921192977394912,3,2,2,2,1,1,1
1,4,-0.738298116691312,2,2,-0.532547006561984,1,3,3,3,1,2,1,-1.01667712230752,3,1,1,2,1,1,1
1,4,3.24219268429521,3,3,4.386411931759,1,4,2,3,1,4,3,-1.28093213590331,3,2,2,3,1,2,1
1,3,-0.738298116691312,3,0,-0.36285443677763,1,3,2,2,1,2,3,0.0403429320756233,2,2,2,3,1,2,1
1,4,0.256824583555318,2,3,-0.65831081089068,1,3,4,4,1,2,2,-0.664337104179808,3,2,1,3,1,1,1
1,2,1.99828930898692,4,1,0.462226972466127,2,1,3,3,1,4,3,-0.752422108711736,3,2,1,3,1,1,1
1,1,0.256824583555318,4,3,-0.722786902123983,4,5,4,2,1,4,2,1.89012802724613,3,1,2,4,1,2,1
0,1,1.25194728380195,2,1,1.79390624140013,5,5,3,3,1,4,4,1.00927798192684,3,3,1,3,1,1,1
1,2,1.25194728380195,4,1,0.895846399221971,1,3,3,3,1,4,3,-0.135827076988234,3,2,2,3,1,2,1
1,1,-0.240736766567997,3,6,1.84208617770633,5,3,1,2,1,2,3,-1.10476212683945,3,1,2,3,1,2,1
1,1,0.754385933678632,2,2,0.124258889847603,4,5,4,2,1,4,2,1.89012802724613,3,1,2,3,1,2,1
1,1,-1.23585946681463,4,3,-0.744751284851812,5,5,4,3,1,4,1,2.77097807256542,3,2,2,3,1,2,1
1,4,-0.489517441629654,2,4,-0.711804710760069,3,4,4,3,1,3,2,0.0403429320756233,3,2,2,3,1,2,1
1,3,0.256824583555318,4,2,0.122487568659874,5,5,4,3,2,4,4,-1.36901714043524,3,1,2,3,1,1,1
1,2,0.754385933678632,4,0,-0.386235876455641,5,5,4,3,1,4,1,0.0403429320756233,3,2,2,3,1,1,1
0,1,2.24706998404858,1,9,1.56363448699547,1,4,2,2,3,4,3,0.128427936607552,3,1,1,3,1,1,1
1,4,2.24706998404858,4,6,1.00566831286111,1,3,1,3,1,3,4,-0.400082090584021,1,3,1,3,1,2,1
1,4,0.256824583555318,2,0,0.172084561916262,1,5,4,2,2,4,4,2.33055304990577,3,3,1,3,1,2,1
1,1,1.74950863392526,4,5,0.0434866436872004,1,1,4,3,2,4,3,2.59480806350156,3,2,2,1,1,1,1
1,4,1.25194728380195,4,9,1.07439557494496,5,5,4,3,1,4,1,0.0403429320756233,3,2,2,3,1,1,1
1,4,-0.987078791752969,4,6,-0.71818146703589,5,5,4,2,1,4,2,0.480767954735268,3,1,2,2,1,1,1
1,4,-1.23585946681463,2,0,0.0874154091428577,1,3,2,3,3,3,2,-0.840507113243665,3,1,1,3,1,1,1
1,4,1.25194728380195,0,5,-0.233193725835932,1,3,4,3,1,2,3,-0.752422108711736,3,2,2,3,1,1,1
1,1,2.24706998404858,2,6,1.48959326134844,1,4,4,3,1,1,4,1.27353299552263,3,3,1,4,1,2,1
0,4,0.256824583555318,2,9,0.467540936029312,4,3,2,3,1,3,2,1.62587301365034,3,2,3,4,1,2,1
0,2,-0.240736766567997,2,2,-0.477281785504866,5,2,4,2,1,3,1,-0.752422108711736,3,1,1,3,1,1,1
0,2,4.23731538454183,2,3,0.823222230525118,2,3,2,4,1,2,3,-1.01667712230752,3,2,1,3,1,1,1
0,2,2.24706998404858,3,6,1.04605443594132,1,5,4,3,1,4,4,1.27353299552263,3,3,1,3,1,1,1
1,3,-0.489517441629654,2,6,-0.484012806018233,1,5,4,3,1,4,3,0.392682950203339,3,1,1,4,1,2,1
1,4,0.00804390849366036,3,1,-0.0985733155685947,1,3,3,3,1,2,1,-0.664337104179808,2,2,2,2,1,1,1
1,4,1.25194728380195,3,1,2.01071595477805,5,4,3,3,1,2,3,-0.400082090584021,2,2,1,4,2,2,1
1,1,0.256824583555318,2,2,0.265256056390761,1,3,2,3,1,2,3,-0.752422108711736,2,2,1,3,1,1,1
1,2,-0.240736766567997,2,1,-0.174385862403358,1,3,1,4,1,3,3,-1.28093213590331,3,1,1,3,1,2,1
1,4,0.00804390849366036,2,0,-0.173323069690721,3,4,1,2,1,2,3,-0.400082090584021,1,2,1,4,1,1,1
1,4,-0.738298116691312,2,0,-0.491452355006691,1,5,4,3,1,4,3,0.30459794567141,3,2,1,4,1,2,1
1,4,1.25194728380195,4,1,2.75715070328668,5,3,4,3,1,2,3,-0.48816709511595,3,2,1,4,1,2,1
1,2,3.24219268429521,3,3,2.08511144466263,5,3,2,3,1,2,4,-0.752422108711736,3,3,1,4,1,1,1
1,2,1.74950863392526,1,1,2.12974873859338,1,1,1,3,1,2,4,1.71395801818227,1,3,1,4,1,2,1
1,4,3.24219268429521,2,0,1.15339649991764,5,3,4,3,1,4,4,-0.135827076988234,3,3,1,3,2,2,1
1,4,-0.489517441629654,4,1,0.0342757735110142,4,5,3,3,1,4,4,-1.10476212683945,3,1,2,3,1,2,1
1,1,-0.489517441629654,2,0,-0.269328678065585,1,1,1,2,1,4,3,-1.10476212683945,3,1,1,3,1,1,1
1,1,1.25194728380195,2,1,0.787087278295464,1,5,2,3,1,4,4,0.568852959267196,3,3,1,3,2,1,1
1,4,-1.23585946681463,2,4,-0.684880628706602,3,3,1,1,1,4,1,2.33055304990577,3,2,1,3,1,1,1
1,2,-0.987078791752969,2,3,-0.775572273518281,1,5,4,3,1,4,3,0.128427936607552,3,2,2,2,1,1,1
1,4,-0.240736766567997,4,3,-0.751836569602725,4,3,4,3,1,3,1,0.921192977394912,3,2,2,3,1,1,1
1,2,-0.489517441629654,2,5,-0.69550855583297,1,5,4,3,1,4,3,0.216512941139481,3,2,2,2,1,1,1
1,2,-0.0748829831935587,0,1,1.01913035388785,2,5,3,4,1,4,3,-0.400082090584021,1,2,2,3,1,2,1
1,4,-0.738298116691312,2,2,-0.543883462163444,1,4,3,2,1,4,1,-0.400082090584021,3,2,1,2,1,1,1
1,4,-0.738298116691312,2,3,-0.0751918758905835,4,4,2,1,1,4,1,2.24246804537384,3,2,1,2,1,1,1
0,1,0.256824583555318,2,2,-0.0975105228559578,5,3,2,4,1,4,3,-1.36901714043524,3,2,1,3,1,1,1
1,4,0.754385933678632,4,1,1.53210496985391,5,5,1,3,1,4,3,2.4186380544377,3,2,2,3,1,1,1
1,4,0.754385933678632,2,1,0.545479068289349,5,4,2,2,1,4,2,-1.01667712230752,2,1,1,2,1,1,1
1,4,-1.23585946681463,2,2,-0.533255535037075,1,3,1,4,1,2,2,-1.28093213590331,3,1,1,3,1,1,1
1,2,0.256824583555318,2,1,-0.181116882916725,5,5,4,3,1,4,4,0.0403429320756233,1,3,1,3,1,2,1
1,4,0.256824583555318,4,5,0.792046977621103,1,5,3,3,1,4,4,0.745022968331054,3,3,2,3,1,1,1
1,2,-0.987078791752969,2,6,-0.734123357725443,1,4,4,2,1,4,2,2.77097807256542,3,2,2,4,1,2,1
1,3,0.256824583555318,2,2,-0.134354003560703,1,5,3,1,1,4,4,1.36161800005456,3,3,1,3,1,1,1
1,2,1.25194728380195,3,0,-0.144981930687071,2,5,4,3,1,3,4,-0.48816709511595,3,3,1,3,1,1,1
0,1,-0.987078791752969,2,0,-0.927197367187808,1,3,4,3,1,3,3,-0.664337104179808,3,2,1,2,1,1,1
0,2,-0.987078791752969,4,6,-0.756442004690818,4,5,4,3,1,3,4,-0.311997086052092,3,3,2,3,2,1,1
0,2,0.256824583555318,2,1,0.298202630482504,3,2,3,2,1,4,3,-0.664337104179808,3,1,1,3,1,1,1
0,2,-1.23585946681463,2,0,3.99742979893391,5,1,1,3,1,2,2,-1.10476212683945,3,2,1,1,1,2,1
0,1,-0.489517441629654,0,0,-0.822335152874304,1,5,4,3,1,3,3,-0.223912081520163,3,1,2,3,2,1,1
0,1,0.256824583555318,4,0,-0.734123357725443,1,5,4,3,1,4,3,2.15438304084192,3,2,2,2,1,1,1
0,1,-0.738298116691312,0,0,-0.775572273518281,1,3,4,3,1,4,3,1.09736298645877,1,2,2,3,1,1,1
0,2,0.754385933678632,2,0,-0.397218067819555,1,3,4,2,3,2,4,-1.01667712230752,1,2,1,3,1,1,1
0,2,1.25194728380195,4,0,-0.159861028663988,1,2,4,1,1,4,3,-0.752422108711736,3,2,2,3,1,1,1
0,2,2.24706998404858,2,3,-0.0748376116530379,1,4,4,3,1,4,1,-0.664337104179808,3,2,2,3,1,1,1
0,1,-0.240736766567997,2,3,-0.237799160924025,1,3,4,3,1,4,4,2.59480806350156,3,3,2,3,1,1,1
0,4,0.00804390849366036,0,0,0.613497801898109,5,3,1,2,1,4,2,-0.576252099647879,1,2,2,3,1,2,1
0,2,3.24219268429521,2,6,1.06872734714424,1,3,4,3,1,4,4,0.568852959267196,3,3,1,3,1,1,1
0,4,0.256824583555318,3,0,-0.259763543651853,1,5,4,3,1,4,3,1.00927798192684,3,2,2,2,2,1,1
0,4,-0.987078791752969,2,3,-0.635283635450214,1,4,4,3,1,2,3,-1.19284713137138,3,2,1,3,1,1,1
0,2,1.5007279588636,4,3,0.588699305269915,1,4,2,3,3,2,1,-0.928592117775594,3,2,2,3,1,1,1
0,4,-0.240736766567997,4,0,-0.616861895097842,1,3,3,3,1,2,2,-0.311997086052092,1,2,2,3,1,1,1
0,2,-0.987078791752969,1,0,-0.649808469189585,2,4,2,3,1,3,4,-0.576252099647879,3,2,1,3,1,1,1
0,1,-0.489517441629654,2,4,-0.707199275671976,5,3,4,2,1,2,3,-1.01667712230752,3,1,1,3,1,1,1
0,1,0.256824583555318,2,3,-0.513062473496974,1,1,4,3,1,2,3,-0.48816709511595,2,2,1,4,2,1,1
0,1,-0.987078791752969,2,0,-0.655122432752769,1,2,3,3,1,2,4,-0.752422108711736,3,3,1,4,1,2,1
0,1,-0.240736766567997,2,4,-0.727746601449622,1,3,4,4,1,3,1,1.00927798192684,3,2,1,2,1,2,1
0,1,1.25194728380195,2,0,2.12549756774283,1,4,2,3,1,1,3,-1.01667712230752,3,2,1,3,1,2,1
0,1,1.25194728380195,3,9,-0.398989389007283,1,4,2,3,1,1,3,-1.01667712230752,3,2,2,3,1,2,1
0,1,1.25194728380195,2,0,-0.506331452983607,1,2,4,2,1,4,3,-0.135827076988234,3,2,1,3,1,2,1
0,2,-0.240736766567997,3,2,0.363387250190898,1,5,4,1,1,3,4,0.392682950203339,3,2,1,4,1,2,1
0,1,-1.23585946681463,4,2,0.0399440013117441,1,3,1,1,1,4,1,0.745022968331054,3,1,1,4,1,2,1
0,2,-0.240736766567997,4,3,-0.717827202798345,1,3,4,4,1,2,3,-0.223912081520163,3,2,1,3,1,1,1
0,4,-0.489517441629654,2,6,0.478877391630772,2,3,3,3,1,2,2,0.392682950203339,3,2,1,4,1,2,1
0,2,0.754385933678632,4,2,1.81197371751495,1,4,2,3,1,2,2,1.1854479909907,3,2,1,3,1,1,1
0,1,0.256824583555318,3,3,-0.796119599295928,1,2,4,4,1,4,1,1.09736298645877,2,2,1,3,1,1,1
0,2,1.25194728380195,2,0,3.91346917463559,1,5,4,3,1,2,4,1.89012802724613,3,3,1,4,1,2,1
0,2,-1.23585946681463,1,6,-1.00548976368539,4,2,4,2,1,2,2,-1.01667712230752,1,1,1,3,2,1,1
0,1,-0.738298116691312,1,3,-0.397572332057101,1,3,4,1,1,1,4,-0.576252099647879,3,3,1,3,1,1,1
0,4,0.256824583555318,2,3,-0.309714801145786,3,5,3,3,1,2,3,-0.0477420724563056,1,2,2,3,1,2,1
0,2,-1.23585946681463,1,0,-0.829066173387671,2,2,1,2,1,1,2,-0.311997086052092,2,2,1,2,1,1,1
0,2,-0.489517441629654,3,5,-0.623238651373663,4,3,3,4,1,3,2,2.24246804537384,2,2,2,3,1,1,1
0,2,0.256824583555318,0,9,0.343548452888344,1,3,1,3,1,4,1,0.0403429320756233,3,2,3,2,1,2,1
0,2,0.256824583555318,4,2,0.518909250473427,1,2,2,2,1,4,3,-0.928592117775594,1,2,1,2,1,1,1
0,2,-0.489517441629654,0,0,-0.529004364186527,1,2,2,2,1,1,1,-0.840507113243665,3,1,2,1,1,1,1
0,3,-0.489517441629654,2,3,-0.33451329777398,1,2,2,2,1,3,1,-0.928592117775594,3,2,1,2,1,1,1
0,1,0.256824583555318,1,2,1.27561766187088,1,2,2,1,1,1,2,1.71395801818227,1,2,1,3,1,2,1
0,1,-0.738298116691312,2,6,-0.877246109693875,1,2,4,2,1,4,2,1.53778800911841,3,2,1,3,1,1,1
0,3,0.754385933678632,3,9,-0.482950013305596,1,5,4,3,1,4,1,2.68289306803349,3,2,1,4,1,2,1
0,2,1.25194728380195,0,9,-0.467008122616043,1,5,4,3,1,4,4,2.24246804537384,3,3,1,4,1,2,1
0,3,-0.240736766567997,2,2,-0.14427340221198,1,3,2,3,1,1,1,-0.135827076988234,3,2,1,2,2,1,1
0,3,0.00804390849366036,4,6,-0.337347411674345,1,2,2,1,1,1,3,-0.223912081520163,3,1,1,3,1,1,1
0,1,0.256824583555318,2,0,-0.834734401188401,5,5,4,2,1,2,3,-0.576252099647879,1,2,1,3,1,1,1
0,3,0.256824583555318,2,0,-0.823397945586941,1,4,4,3,1,3,4,0.216512941139481,1,3,1,3,2,1,1
0,1,0.256824583555318,2,0,-0.66964726649214,5,3,4,2,1,2,2,-0.0477420724563056,3,2,1,3,1,1,1
0,1,0.256824583555318,2,0,-0.70365663329652,5,4,4,2,1,4,4,-0.311997086052092,3,1,1,3,1,1,1
0,1,0.256824583555318,2,0,-0.673189908867596,5,3,4,2,1,4,1,-0.928592117775594,3,1,1,3,1,1,1
0,2,-0.240736766567997,2,0,-0.789742843020106,5,3,4,2,1,2,2,-0.223912081520163,3,2,1,3,1,1,1
0,1,-0.738298116691312,2,0,-0.840048364751585,5,3,4,4,1,2,3,-1.10476212683945,3,2,1,3,1,1,1
0,1,0.256824583555318,2,0,-0.731289243825078,1,2,4,2,1,4,2,-1.01667712230752,3,1,1,3,1,1,1
0,2,-0.240736766567997,0,0,-0.351872245413716,2,2,3,2,1,3,3,-0.664337104179808,3,2,2,3,1,1,1
0,1,3.24219268429521,3,9,1.26286414931924,1,5,3,3,1,4,4,2.4186380544377,3,2,2,3,1,2,1
0,1,0.256824583555318,2,2,0.0261276960474648,1,5,4,3,1,2,2,0.30459794567141,3,1,1,4,1,2,1
0,1,-1.23585946681463,1,6,-0.734477621962989,1,5,4,2,1,4,4,-0.0477420724563056,3,3,1,3,1,1,1
0,2,2.24706998404858,2,9,4.39314295227237,1,3,2,3,1,2,3,-1.10476212683945,3,2,1,3,1,2,1
0,1,3.24219268429521,2,9,1.42617996282777,1,5,4,3,2,4,4,0.0403429320756233,3,1,1,3,1,1,1
0,4,-0.240736766567997,2,5,-0.470550764991499,1,2,4,2,1,4,1,-1.10476212683945,3,2,1,3,1,1,1
0,1,-0.240736766567997,2,3,-0.0287832607721068,1,3,2,2,1,2,1,-1.01667712230752,3,2,1,3,1,1,1
0,2,-0.987078791752969,1,1,0.658135095828857,1,5,2,2,1,4,4,3.38757310428892,1,3,1,4,2,2,1
0,4,-0.240736766567997,3,2,-0.518376437060159,1,4,4,2,1,1,1,-1.19284713137138,3,2,1,3,1,1,1
0,3,-0.90415190006575,2,0,-0.719598523986073,2,5,1,2,1,4,4,1.09736298645877,3,3,1,2,2,1,1
0,1,-0.738298116691312,2,0,-0.889999622245518,1,4,4,3,1,2,1,-0.840507113243665,3,2,1,3,1,1,1
0,2,-1.07000568344019,2,2,-0.72066131669871,1,3,3,2,1,4,1,-1.01667712230752,3,2,1,3,1,1,1
0,4,-0.987078791752969,2,2,-0.457442988202311,1,2,2,2,2,2,3,-1.45710214496717,3,1,2,3,1,1,1
0,2,2.24706998404858,2,3,2.72420412919493,4,4,1,3,2,2,4,-0.752422108711736,1,2,2,3,1,2,1
0,1,1.25194728380195,3,6,1.28093162543406,1,3,4,3,1,3,2,-0.576252099647879,2,2,1,3,1,2,1
0,1,0.256824583555318,2,3,-0.472322086179228,1,2,4,1,1,3,2,-0.311997086052092,3,2,1,3,1,1,1
0,1,0.00804390849366036,2,3,-0.508811302646427,1,3,3,2,1,2,1,-0.928592117775594,3,2,2,3,1,2,1
0,1,0.256824583555318,3,3,-0.571161808454457,1,2,4,2,1,2,3,-0.576252099647879,3,1,1,2,1,2,1
0,2,-1.23585946681463,3,0,-0.730580715349987,1,1,4,3,1,4,2,1.00927798192684,3,2,1,4,1,2,1
0,2,2.24706998404858,0,9,0.202905550582731,2,4,4,3,1,4,4,-0.135827076988234,3,3,1,2,2,1,1
0,1,-0.738298116691312,4,0,0.556815523890809,1,5,3,3,2,4,2,0.656937963799125,3,1,2,3,1,2,1
0,2,-0.738298116691312,2,5,-0.932511330750993,1,3,4,3,1,2,3,-0.48816709511595,3,2,1,3,1,1,1
0,2,2.24706998404858,2,3,0.94934029909136,1,3,2,2,1,2,1,-1.19284713137138,3,2,1,3,1,1,1
0,2,1.25194728380195,0,3,0.188734981080906,1,3,4,2,1,1,3,0.568852959267196,3,2,1,3,1,2,1
0,4,1.25194728380195,3,3,0.422195113623472,1,3,4,3,1,2,3,-0.840507113243665,3,2,2,4,1,2,1
0,4,1.25194728380195,3,9,1.66814243707143,5,2,4,3,1,4,3,-0.752422108711736,3,1,2,3,1,2,1
0,3,1.25194728380195,2,3,0.332566261524429,1,3,4,3,1,2,3,-0.840507113243665,3,2,1,3,1,1,1
0,4,-1.23585946681463,2,2,0.474626220780224,1,2,1,2,1,4,2,-0.311997086052092,3,2,1,3,1,1,1
0,2,0.256824583555318,2,1,2.93640840748476,1,3,1,2,1,4,3,-1.10476212683945,3,1,2,4,1,1,1
0,4,-0.240736766567997,0,9,0.316624370834876,1,3,2,3,1,2,3,0.0403429320756233,2,2,2,3,2,1,1
0,2,0.256824583555318,2,2,0.278363833179949,1,4,3,1,1,3,3,0.656937963799125,3,2,1,3,1,2,1
0,4,-0.240736766567997,1,0,1.12895226752699,1,5,2,3,1,4,4,0.30459794567141,1,2,2,4,2,2,1
0,4,-0.738298116691312,2,0,-0.667875945304412,3,3,2,2,1,2,2,-0.840507113243665,3,2,1,3,1,1,1
0,1,1.25194728380195,2,6,-0.458505780914948,5,5,4,3,1,4,4,0.392682950203339,3,2,1,4,1,2,1
0,2,-0.240736766567997,4,2,-0.475864728554684,1,2,2,3,1,2,1,-0.400082090584021,3,2,2,2,1,1,1
0,4,-0.738298116691312,2,2,-0.761047439778911,3,3,4,2,1,4,3,-0.576252099647879,3,1,1,2,1,1,1
0,2,0.256824583555318,2,10,2.85421910437418,1,3,2,3,2,3,3,-0.576252099647879,1,2,2,4,1,2,1
0,2,0.256824583555318,4,10,3.07032028927701,1,3,2,3,2,3,3,0.30459794567141,3,2,2,4,2,2,1
0,2,0.505605258616975,4,3,-0.266140299927675,3,3,4,3,1,2,2,-1.10476212683945,3,2,2,2,1,1,1
0,2,0.754385933678632,3,3,-0.479053106692594,2,2,4,3,1,3,4,-0.48816709511595,2,2,2,4,1,1,1
0,2,3.24219268429521,1,10,4.07784778085676,2,5,3,2,1,4,4,2.15438304084192,1,3,2,4,1,2,1
0,2,1.25194728380195,2,3,-0.212646400058286,2,3,4,2,2,4,4,1.27353299552263,3,3,1,3,1,1,1
0,2,1.25194728380195,2,6,3.30909438538276,2,3,1,3,1,4,4,1.00927798192684,3,3,1,3,2,2,1
0,2,1.99828930898692,2,3,-0.085111274541861,2,3,4,3,3,4,2,-1.28093213590331,3,1,1,3,1,1,1
0,1,-0.738298116691312,1,3,-0.937116765839086,1,3,4,2,1,4,1,-1.01667712230752,1,2,1,2,1,1,1
0,2,0.256824583555318,4,9,-0.473384878891864,1,5,4,1,1,4,1,-0.400082090584021,3,2,2,3,1,2,1
0,3,0.256824583555318,4,0,-0.682755043281328,5,4,4,3,1,2,1,0.128427936607552,1,2,2,2,2,1,1
0,4,-0.240736766567997,2,2,-0.615799102385205,1,2,4,4,2,1,2,0.656937963799125,3,2,1,2,2,1,1
0,1,2.24706998404858,2,0,0.2337265392492,1,4,4,3,1,4,4,0.921192977394912,3,3,1,3,2,1,1
0,1,0.256824583555318,1,2,0.0275447529976473,3,2,4,3,1,4,4,-0.48816709511595,3,3,1,3,2,2,1
0,1,1.25194728380195,2,3,-0.343369903712621,1,3,4,1,1,4,3,-0.400082090584021,3,1,1,3,1,1,1
0,1,1.74950863392526,2,3,0.245771523325751,1,2,4,3,1,3,3,-0.135827076988234,3,2,1,3,1,1,1
0,1,-0.738298116691312,2,3,-0.901336077846978,2,2,4,4,1,3,4,-0.223912081520163,3,2,1,2,1,2,1
0,4,2.24706998404858,2,9,0.227704047210925,5,3,4,1,1,2,1,0.216512941139481,1,2,1,3,1,1,1
0,1,2.24706998404858,2,9,0.3672841568039,1,2,3,2,1,4,2,-1.01667712230752,3,1,1,3,1,1,1
0,2,-0.738298116691312,2,3,-0.615444838147659,1,2,1,4,1,1,1,-1.10476212683945,3,1,1,3,1,1,1
0,4,-0.240736766567997,4,0,-0.175802919353541,1,4,2,3,1,2,2,-0.400082090584021,1,2,2,3,1,1,1
0,1,1.58365485055082,4,6,0.965990718256004,1,3,4,3,1,3,4,-0.752422108711736,1,2,1,3,1,2,1
0,3,-0.489517441629654,4,3,-0.708616332622159,5,3,3,3,1,4,4,0.30459794567141,3,3,2,3,1,2,1
0,2,-0.738298116691312,2,0,-0.700113990921064,1,2,3,2,1,1,3,-0.928592117775594,3,1,1,3,1,1,1
0,2,1.25194728380195,2,1,2.17048912591112,1,2,1,4,1,4,3,-0.664337104179808,3,1,1,4,1,2,1
0,2,-0.738298116691312,2,2,-0.821980888636758,2,2,4,2,1,4,3,-0.752422108711736,1,1,4,3,1,1,1
0,2,0.256824583555318,2,0,-0.678858136668326,1,2,3,2,1,4,3,-0.928592117775594,3,2,1,2,1,2,1
0,1,2.24706998404858,2,4,-0.0780259897909485,1,3,3,3,1,4,3,1.62587301365034,3,2,1,3,1,1,1
0,4,1.25194728380195,4,0,1.62385940737823,1,3,4,2,1,2,1,-0.928592117775594,2,2,2,3,1,2,1
0,4,-0.240736766567997,2,3,-1.00548976368539,1,1,3,2,2,4,1,-1.19284713137138,3,1,1,3,1,1,1
0,4,1.25194728380195,3,9,2.23213110324406,1,2,1,1,1,1,3,-0.664337104179808,3,2,2,3,1,1,1
0,2,0.256824583555318,1,6,-0.508102774171336,1,4,4,2,1,4,4,-0.135827076988234,1,3,1,2,1,1,1
0,2,0.754385933678632,4,0,0.346382566788709,1,1,4,4,1,2,3,-0.664337104179808,3,2,2,4,1,1,1
0,2,0.754385933678632,4,0,0.695332840771148,1,1,4,4,1,2,3,-0.664337104179808,3,2,2,4,1,1,1
0,1,2.24706998404858,2,3,1.23523153879068,1,3,3,2,1,2,3,-0.400082090584021,3,2,1,3,1,2,1
0,1,-0.987078791752969,2,3,-0.674961230055324,1,2,3,2,1,4,2,-1.19284713137138,3,1,1,3,1,1,1
0,1,0.256824583555318,1,10,-0.677795343955689,5,5,4,3,1,3,3,0.392682950203339,2,2,1,4,1,2,1
0,1,-0.240736766567997,2,2,-0.282790719092319,1,1,4,3,1,1,3,-0.928592117775594,3,2,1,1,1,1,1
0,3,-0.987078791752969,0,3,-0.685234892944147,1,2,4,3,1,2,3,-0.135827076988234,3,2,2,4,1,2,1
0,1,2.24706998404858,2,0,1.59126709752403,1,5,4,3,1,4,4,0.568852959267196,1,3,1,4,1,1,1
0,2,-0.489517441629654,1,0,-0.711096182284978,2,3,2,4,1,2,2,-0.928592117775594,3,1,1,3,1,1,1
0,2,-0.489517441629654,2,0,-0.22681696956011,2,3,2,2,1,4,3,-0.664337104179808,3,1,2,3,1,2,1
0,2,2.24706998404858,2,0,1.16508721975664,2,4,3,3,1,2,2,-1.01667712230752,3,2,1,3,1,1,1
0,1,0.256824583555318,2,0,-0.0525189646876636,1,2,4,2,1,1,2,-0.752422108711736,3,2,1,3,1,1,1
0,1,1.25194728380195,4,6,1.69825489726281,1,3,3,2,1,2,4,-0.928592117775594,3,2,2,4,1,2,1
0,1,0.256824583555318,2,3,-0.29483570316887,1,2,4,2,1,4,1,-0.0477420724563056,3,2,1,3,1,2,1
0,2,1.25194728380195,2,2,2.04153694344452,2,2,4,3,2,1,4,-0.576252099647879,3,1,1,4,1,2,1
0,2,3.24219268429521,2,0,3.81037828150982,1,4,4,3,1,2,4,-0.752422108711736,3,2,1,4,1,2,1
0,1,1.25194728380195,4,1,2.25232416478416,1,4,4,3,1,4,3,-1.01667712230752,3,2,2,3,1,2,1
0,2,-0.738298116691312,2,3,-0.633158050024941,5,3,2,4,1,1,1,-0.928592117775594,3,2,1,3,1,2,1
0,1,-0.240736766567997,2,2,-0.758213325878546,1,1,4,2,1,2,3,-0.223912081520163,3,2,1,3,1,1,1
0,2,0.256824583555318,3,2,-0.427684792248479,1,1,3,2,1,2,2,-0.135827076988234,3,2,1,4,1,2,1
0,2,-0.240736766567997,2,1,3.43804656784937,1,1,3,2,1,4,4,0.216512941139481,3,3,1,4,1,2,1
0,4,0.00804390849366036,3,9,-0.244884445674937,3,2,4,3,1,2,1,0.480767954735268,1,2,1,2,2,1,1
0,4,0.505605258616975,2,0,-0.248427088050393,1,3,3,2,1,3,1,-1.28093213590331,3,1,1,3,1,1,1
0,2,0.505605258616975,2,9,0.22805831144847,1,3,4,3,1,2,3,0.0403429320756233,3,2,1,3,2,2,1
0,4,-0.90415190006575,2,0,-0.695154291595425,5,3,4,3,3,4,2,-0.752422108711736,3,2,1,2,1,1,1
0,1,0.256824583555318,2,0,0.547604653714623,1,4,2,3,2,3,2,-0.400082090584021,3,2,1,3,1,2,1
0,1,-0.738298116691312,2,0,-0.245238709912483,1,2,4,3,1,1,1,-0.223912081520163,3,2,1,2,2,1,1
0,2,1.25194728380195,3,0,-0.370648250003634,1,5,4,3,1,4,4,1.89012802724613,1,3,2,3,1,2,1
0,1,-0.240736766567997,2,2,0.312373199984329,1,3,2,3,2,3,3,0.568852959267196,3,2,1,3,1,1,1
0,1,-0.240736766567997,0,2,-0.0557073428255742,1,2,1,2,1,4,2,-0.840507113243665,3,1,1,3,1,1,1
0,1,-0.240736766567997,4,2,-0.406428937995742,1,3,4,2,1,4,1,-1.01667712230752,3,1,2,3,1,1,1
0,1,-0.240736766567997,1,2,-0.608713817634293,1,3,4,3,1,3,3,0.745022968331054,1,2,1,3,1,1,1
0,1,0.754385933678632,2,2,-0.306526423007876,1,4,4,2,1,4,1,-1.10476212683945,3,1,1,3,1,1,1
0,1,0.256824583555318,3,0,-0.68665194989433,1,1,4,3,1,2,1,0.656937963799125,3,3,2,3,2,1,1
0,1,2.24706998404858,0,2,1.36312092854465,1,3,3,3,1,4,4,1.53778800911841,3,3,2,3,2,1,1
0,1,0.256824583555318,3,0,0.566380658304541,1,3,3,3,1,4,4,1.53778800911841,3,3,2,3,2,1,1
0,1,-0.738298116691312,4,0,-0.91408959039862,1,5,4,3,1,3,2,-0.0477420724563056,3,2,2,3,1,1,1
0,1,1.74950863392526,3,3,0.389248539531729,1,4,3,3,1,2,2,-0.840507113243665,1,2,2,3,2,2,1
0,1,1.25194728380195,1,2,-0.186076582242364,1,5,4,3,1,4,3,-0.400082090584021,1,2,1,3,1,1,1
0,1,0.256824583555318,0,2,0.297139837769867,1,5,3,3,1,4,4,-1.10476212683945,1,1,2,3,2,1,1
0,1,-0.240736766567997,2,2,-0.286687625705321,1,3,2,3,1,2,3,-1.19284713137138,3,2,1,3,1,1,1
0,1,-0.738298116691312,2,2,-0.704719426009157,1,3,2,2,1,4,3,-1.36901714043524,3,1,1,3,1,1,1
0,2,-0.738298116691312,0,2,-0.10707565726969,1,2,4,2,1,3,2,-0.928592117775594,3,1,2,3,1,1,1
0,1,2.24706998404858,0,1,0.472500635354951,1,5,3,3,1,4,4,-1.01667712230752,3,3,2,3,2,1,1
0,1,2.24706998404858,4,1,1.0839607093587,1,5,4,3,1,4,4,0.921192977394912,3,3,2,3,1,2,1
0,1,0.256824583555318,1,2,0.0994603932194089,1,4,3,3,1,4,3,-0.752422108711736,1,2,1,3,1,1,1
0,1,-0.738298116691312,1,0,-0.911964004973347,1,2,4,3,1,2,3,0.921192977394912,1,2,2,3,1,2,1
0,1,0.256824583555318,2,0,-0.648037148001857,1,4,4,2,1,4,3,-1.10476212683945,3,1,2,3,1,1,1
0,1,0.505605258616975,0,9,0.71623443078634,1,1,2,3,1,4,2,1.27353299552263,3,2,2,3,1,2,1
0,1,0.00804390849366036,3,6,0.0505719284381128,1,2,2,3,1,1,2,-0.840507113243665,2,2,2,3,1,1,1
0,1,-0.240736766567997,2,2,-0.43654139818712,1,3,1,2,1,4,1,-1.36901714043524,3,1,1,3,1,1,1
0,1,0.256824583555318,1,9,-0.0390569236609299,1,3,4,3,1,2,2,-0.400082090584021,1,1,1,3,1,2,1
0,1,-0.738298116691312,2,8,-0.839339836276494,1,4,4,4,1,4,2,-1.28093213590331,3,1,1,3,1,1,1
0,1,2.24706998404858,2,1,2.48897267546464,1,4,4,3,1,4,4,0.30459794567141,3,3,3,3,2,2,1
0,2,2.24706998404858,0,9,3.94995839110279,1,3,2,3,1,2,3,-0.928592117775594,2,2,1,3,1,2,1
0,2,-0.240736766567997,4,0,-0.784783143694468,1,5,3,3,3,3,1,-0.48816709511595,3,2,2,3,1,1,1
0,1,-0.738298116691312,2,0,-0.707553539909522,1,2,3,2,1,1,1,0.128427936607552,1,2,1,2,1,1,1
0,2,-0.738298116691312,2,0,-0.725621016024348,1,5,1,1,1,1,1,0.921192977394912,3,1,2,3,1,1,1
0,1,-0.738298116691312,2,0,-0.672835644630051,1,4,2,1,1,3,3,0.0403429320756233,3,2,1,3,1,1,1
0,1,-0.406590549942435,4,0,-0.228942554985384,1,5,2,3,3,4,2,0.656937963799125,3,1,1,3,1,2,2
0,1,-0.0748829831935587,4,0,-0.367105607628177,1,3,4,4,3,2,2,-0.223912081520163,1,1,2,3,1,1,2
0,2,-0.987078791752969,2,2,-0.819146774736393,1,3,1,2,1,2,3,-0.576252099647879,1,2,1,3,1,1,1
0,2,-0.240736766567997,4,0,-0.845716592552315,1,5,4,3,1,4,3,0.0403429320756233,3,2,1,3,2,2,1
0,2,0.256824583555318,2,0,-0.717472938560799,1,2,4,3,1,2,1,-1.10476212683945,1,2,1,2,1,1,1
0,2,1.25194728380195,3,0,1.70569444625127,2,5,2,3,1,4,3,0.568852959267196,2,2,4,4,1,2,1
0,4,2.24706998404858,4,0,2.42874775508188,3,3,2,3,1,2,4,0.745022968331054,3,3,1,3,1,1,1
0,2,-0.738298116691312,2,0,-0.844299535602132,1,5,4,3,1,4,3,0.480767954735268,1,2,1,2,2,1,1
0,4,-0.738298116691312,2,6,-0.904170191747343,1,5,4,3,1,4,3,0.480767954735268,1,2,1,2,2,1,1
0,2,1.25194728380195,2,0,3.23009346041008,5,3,1,3,1,4,4,0.128427936607552,1,3,1,3,1,2,1
0,1,-0.738298116691312,2,3,-0.907712834122799,1,5,4,3,1,4,1,1.89012802724613,3,2,1,2,1,1,1
0,2,-0.489517441629654,1,0,1.26782384864488,2,1,1,3,1,2,2,-0.135827076988234,2,2,1,4,2,2,1
0,4,-0.90415190006575,2,2,-0.375962213566818,1,3,2,3,1,2,1,-0.928592117775594,3,1,1,2,1,1,1
0,4,0.754385933678632,1,1,1.49278163948635,5,1,4,2,1,1,1,1.53778800911841,1,2,1,4,1,2,1
0,1,-0.240736766567997,1,0,-0.648037148001857,1,4,4,3,1,4,4,-0.311997086052092,1,3,2,2,2,1,1
0,4,-0.738298116691312,4,3,-0.876537581218784,5,5,4,2,1,3,2,-0.223912081520163,3,2,1,2,2,1,1
0,2,1.99828930898692,4,3,0.522451892848883,1,2,4,3,1,2,2,-1.01667712230752,1,2,2,2,1,1,1
0,3,-0.738298116691312,4,0,-0.826232059487306,3,4,4,4,1,2,1,-0.664337104179808,3,2,3,3,1,2,1
0,2,0.00804390849366036,2,9,-0.738020264338445,1,5,2,2,1,4,2,0.30459794567141,3,2,1,3,2,1,1
0,4,2.24706998404858,4,1,2.94703633461113,2,3,2,2,1,4,3,-1.01667712230752,3,1,2,2,1,1,1
0,3,-0.738298116691312,1,9,-0.943139257877361,1,2,4,2,1,1,1,-0.840507113243665,1,2,1,1,1,1,1
0,1,-0.240736766567997,4,5,-0.737311735863354,1,1,2,2,1,4,4,1.71395801818227,3,3,3,1,2,1,1
0,2,0.00804390849366036,2,9,-0.178637033253906,2,5,4,1,1,2,3,2.24246804537384,3,1,2,2,1,1,1
0,2,0.754385933678632,2,2,0.0601370628518447,2,3,2,2,2,4,3,-1.28093213590331,1,1,1,3,1,1,1
0,2,0.754385933678632,0,9,0.357364758152623,2,3,4,2,1,4,3,-0.840507113243665,3,1,2,2,1,1,1
0,2,0.256824583555318,2,3,-0.063501156051578,2,2,3,4,1,2,3,-1.19284713137138,3,1,1,3,1,2,1
0,4,-0.240736766567997,2,0,1.23629433150332,5,3,2,3,1,4,3,2.85906307709735,2,1,2,3,1,1,1
0,2,-0.738298116691312,2,3,-0.687360478369421,1,2,2,3,1,1,3,-1.19284713137138,3,2,1,3,1,1,1
0,2,2.74463133417189,0,9,4.48985708912232,1,2,3,3,1,4,4,1.97821303177806,3,1,1,3,1,2,1
0,1,0.256824583555318,2,2,-0.0131956343200994,1,2,4,2,1,4,1,-1.10476212683945,3,1,1,2,1,2,1
0,2,-0.489517441629654,2,3,-0.874766260031056,1,5,4,3,1,3,3,0.128427936607552,3,2,1,3,2,1,1
0,2,2.24706998404858,2,2,2.36958562741177,1,2,1,2,1,2,3,-0.840507113243665,1,2,1,3,1,2,1
0,4,0.256824583555318,3,9,1.90479094775191,1,2,2,3,1,2,3,-0.752422108711736,1,2,2,3,1,2,1
0,1,-0.240736766567997,2,3,-0.682400779043782,1,3,4,4,1,3,1,-0.840507113243665,3,2,1,3,1,1,1
0,1,1.99828930898692,2,3,-0.505268660270971,1,3,4,3,1,4,4,-1.10476212683945,3,3,1,3,1,2,1
0,1,0.00804390849366036,1,0,-0.575412979305004,5,3,4,3,1,2,2,0.392682950203339,1,2,2,2,2,1,1
0,4,2.24706998404858,2,9,0.557169788128355,1,1,3,3,1,2,3,-0.223912081520163,3,1,1,4,1,2,1
0,2,0.505605258616975,0,9,1.78788374936185,1,5,2,2,1,4,4,0.568852959267196,2,3,2,4,1,2,1
0,3,-0.240736766567997,2,3,-0.414931279696837,1,3,4,3,2,2,1,0.128427936607552,3,2,1,3,1,1,1
0,1,1.99828930898692,0,9,3.02710005229644,1,5,2,3,1,4,3,-0.576252099647879,3,1,2,3,1,1,1
0,1,-1.23585946681463,2,6,-1.00017580012221,1,2,4,2,1,4,2,-1.10476212683945,3,2,1,3,1,1,1
0,1,0.754385933678632,2,5,3.09157614352975,1,2,1,1,1,1,4,-0.135827076988234,1,2,1,2,1,2,1
0,2,2.24706998404858,0,10,5.36807813399792,1,3,1,2,1,2,2,-0.311997086052092,1,2,1,4,1,2,2
0,1,-1.23585946681463,2,0,4.11823390393696,1,5,1,3,1,4,4,2.85906307709735,1,2,1,4,1,2,1
0,2,-0.738298116691312,2,2,-0.180408354441634,5,5,1,2,1,2,2,-0.928592117775594,3,2,1,3,1,2,1
0,1,-0.738298116691312,2,1,0.0406525297868354,1,5,3,3,1,4,4,-0.0477420724563056,3,3,1,3,1,2,1
0,2,0.256824583555318,2,3,-0.43654139818712,1,2,1,4,1,1,2,-1.19284713137138,3,2,1,3,1,2,1
0,4,-0.240736766567997,3,9,-0.390487047306189,1,3,4,4,1,2,3,-0.664337104179808,3,2,1,3,1,2,1
0,2,2.24706998404858,4,2,0.646444375989852,1,3,2,2,1,3,3,-0.48816709511595,3,2,1,4,1,2,1
0,1,-0.240736766567997,2,3,-0.492160883481782,1,3,4,2,1,4,3,-0.928592117775594,1,1,2,3,1,1,1
0,1,2.24706998404858,2,3,1.32060922003917,1,4,1,4,3,1,1,-0.135827076988234,3,2,2,3,1,2,1
0,4,-0.738298116691312,4,9,-0.346912546088077,1,1,4,3,1,2,3,0.568852959267196,2,2,2,4,1,2,1
0,1,-0.572444333316873,2,0,2.02169814614196,1,5,1,1,1,4,2,0.833107972862983,3,2,1,4,1,2,2
0,1,-0.738298116691312,2,3,-0.920112082436896,2,4,4,4,1,1,2,-1.36901714043524,3,2,1,3,1,1,1
0,1,-0.240736766567997,2,0,-0.813124282698118,1,2,1,2,1,2,3,-1.10476212683945,3,2,1,2,1,1,1
0,2,0.256824583555318,2,0,-0.195995980893641,1,3,3,2,1,4,2,-1.36901714043524,3,1,1,2,1,2,1
0,1,-0.240736766567997,2,6,-0.893188000383428,1,1,4,2,1,1,1,-0.752422108711736,3,2,1,1,1,1,1
0,2,0.256824583555318,2,1,3.29740366554375,1,5,4,2,1,2,4,0.745022968331054,3,3,1,4,1,2,1
0,1,-0.240736766567997,2,1,1.50199250966253,5,5,1,3,1,4,2,1.36161800005456,3,3,1,3,2,2,1
0,1,-0.240736766567997,4,0,0.246125787563297,1,5,1,2,1,4,1,-0.223912081520163,1,1,3,3,1,2,1
0,1,-0.738298116691312,0,3,1.03719783000267,1,3,4,3,1,2,2,-0.664337104179808,3,1,2,3,1,2,1
0,1,0.256824583555318,2,3,-0.454963138539492,1,3,2,3,1,4,1,-1.28093213590331,3,1,1,2,2,1,1
0,1,0.256824583555318,2,0,-0.343015639475075,1,5,4,3,2,1,1,0.833107972862983,3,2,1,3,1,1,1
0,4,0.00804390849366036,4,0,3.33318435353586,5,5,4,3,1,4,4,-0.48816709511595,3,3,1,4,1,2,1
0,2,-0.738298116691312,2,3,1.13249490990245,5,1,2,3,1,1,4,1.44970300458648,3,2,1,4,1,2,1
0,1,0.754385933678632,2,2,1.09069172987206,5,5,4,3,1,4,2,-0.400082090584021,3,2,1,3,1,1,1
